Organization/Person Name,Organization/Person Name URL,Number of Investments,Number of Exits,Location,Description,Investor Type,Investment Stage,Number of Portfolio Organizations,Number of Partner Investments,Number of Lead Investments,Number of Diversity Investments,Number of Exits (IPO),Accelerator Program Type,Accelerator Next Application Deadline,Accelerator Duration (in weeks),CB Rank (Investor)
Hans Erni,https://www.crunchbase.com/person/hans-erni-30af,1,,,Hans Erni,Individual/Angel,,1,,,,,,,,"250,800"
Howard Rowe,https://www.crunchbase.com/person/howard-rowe,,,"London, England, United Kingdom",Mr. Rowe graduated cum laude from Harvard Law School and summa cum laude from the University of Southern California with a BS in Psychobiolo...,Investment Partner,Post-Ipo,,2,,,,,,,"250,801"
Julian Allen,https://www.crunchbase.com/person/julian-allen,,,"San Francisco, California, United States",Julian Allen - Board of Directors @ LoanTrader,Investment Partner,,,1,,,,,,,"250,805"
Joe Scarpaccio,https://www.crunchbase.com/person/joe-scarpaccio,,,"Los Angeles, California, United States",Joe Scarpaccio is the current CEO of Fetcharate. He previously worked at Capstone Partners LLC as a Director of Marketing. Joe Scarpaccio at...,,,,,,,,,,,"250,817"
Vincent Jardin,https://www.crunchbase.com/person/vincent-jardin,,,,Vincent Jardin,,,,,,,,,,,"250,823"
Kiran Karnawat,https://www.crunchbase.com/person/kiran-karnawat,1,,,Kiran Karnawat,Individual/Angel,Seed,1,,1,,,,,,"250,803"
Jermey Ernst,https://www.crunchbase.com/person/jermey-ernst,1,,,Jermey Ernst,Individual/Angel,,1,,,1,,,,,"250,824"
William Li,https://www.crunchbase.com/person/william-li,,,,William holds the positions of Project manager and Deputy Manager of the Investment Dept of CSVC and has done so for 5 years. Mr. Li was Pro...,,,,,,,,,,,"250,811"
Manju Han,https://www.crunchbase.com/person/manju-han,,,"Seongnam, Kyonggi-do, South Korea",Manju Han,,,,,,,,,,,"250,812"
Ning Zhu,https://www.crunchbase.com/person/ning-zhu-124a,1,,,Ning Zhu,Individual/Angel,,1,,,,,,,,"250,813"
Diego Del Vecchio,https://www.crunchbase.com/person/diego-del-vecchio,,,"Milan, Lombardia, Italy",Diego Delvecchio is the Chief Technology Officer at e-Shock.,,,,,,,,,,,"250,814"
Mayank Agrawal,https://www.crunchbase.com/person/mayank-agrawal-2c34,,,"Bhopal, Madhya Pradesh, India",Mayank Agrawal,,,,,,,,,,,"250,810"
Matt Cuts,https://www.crunchbase.com/person/matt-cuts,1,,,Matt Cuts,Individual/Angel,Seed,1,,,1,,,,,"250,825"
Mark Langner,https://www.crunchbase.com/person/mark-langner,,,,Mark Langner,,,,,,,,,,,"250,815"
Stephanie Lemos,https://www.crunchbase.com/person/stephanie-lemos,,,,Marketing Thought Leader | Demand Gen Expert | Digital Marketer,,,,,,,,,,,"250,816"
Guilherme Longoni Lara,https://www.crunchbase.com/person/guilherme-longoni-lara,,,"Porto Alegre, Rio Grande do Sul, Brazil",Guilherme Longoni Lara - Co-founder | CFO @ ONNi,,,,,,,,,,,"250,820"
Chris Mihalicz,https://www.crunchbase.com/person/chris-mihalicz,,,"Toronto, Ontario, Canada",Chris Mihalicz,,,,,,,,,,,"250,818"
Marco Pisani,https://www.crunchbase.com/person/marco-pisani,,,,Marco Pisani,,,,,,,,,,,"250,807"
Grégoire Schlumberger,https://www.crunchbase.com/person/grégoire-schlumberger,,,"London, England, United Kingdom",Grégoire Schlumberger,Investment Partner,,,1,,,,,,,"250,826"
Raphaël Kattan,https://www.crunchbase.com/person/raphaël-kattan,,,"Paris, Ile-de-France, France",Raphaël Kattan - Council Associate Director @ Talenco,Investment Partner,,,1,,,,,,,"250,828"
Gabriel von dem Bussche,https://www.crunchbase.com/person/gabriel-von-dem-bussche,2,,,Gabriel von dem Bussche,Individual/Angel,,2,,,,,,,,"250,829"
Xiaoping Ju,https://www.crunchbase.com/person/xiaoping-ju,1,,,Xiaoping Ju,Individual/Angel,,1,,1,,,,,,"250,832"
Abitter Mehmet Turktas,https://www.crunchbase.com/person/abitter-mehmet-türktaş,,,"Istanbul, Turkey, Europe",Abitter Mehmet Turktas - Founder & Managing Director @ GOTOCURE,,,,,,,,,,,"250,805"
Kathleen Knight,https://www.crunchbase.com/person/kathleen-knight-1626,,,"New York, New York, United States",Kathleen Knight,Investment Partner,,,9,,,,,,,"250,836"
Janice Stein,https://www.crunchbase.com/person/janice-stein,,,"Santiago, Region Metropolitana, Chile",Janice Stein,,,,,,,,,,,"250,833"
Mohamed Shahin Fathy,https://www.crunchbase.com/person/mohamed-shahin-fathy,,,,Mohamed Shahin Fathy,,Private Equity,,,,,,,,,"250,840"
Bose Zhan,https://www.crunchbase.com/person/poson-jon,,,"Guangzhou, Guangdong, China","Cofounder of hufu.com (hufu means ""skincare"" in Chinese), a stealth mode SNS related to Skincare topics.",,,,,,,,,,,"250,841"
John Bailey,https://www.crunchbase.com/person/john-bailey-275c,,,"San Francisco Bay Area, California, United States",John Bailey,Investment Partner,,,1,,,,,,,"250,835"
Dieter Weiss,https://www.crunchbase.com/person/dieter-weiss,1,,,Dieter Weiss,Individual/Angel,Seed,1,,,,,,,,"250,837"
Matteo Mastrotto,https://www.crunchbase.com/person/matteo-mastrotto,,,,Matteo Mastrotto,,,,,,,,,,,"250,838"
Daniel Opris,https://www.crunchbase.com/person/daniel-opris,,,,Daniel Opris,,Grant,,,,,,,,,"250,848"
Steve Muller,https://www.crunchbase.com/person/steve-muller,1,1,,Steve Muller,Individual/Angel,Seed,1,,,1,1,,,,"250,834"
Dennis Goetges,https://www.crunchbase.com/person/dennis-goetges-034a,,,"Lake Saint Louis, Missouri, United States",Dennis Goetges,,,,,,,,,,,"250,859"
Perry Vieth,https://www.crunchbase.com/person/perry-vieth,,,"Hingham, Massachusetts, United States","Perry Vieth is the President at Ceres Partners, LLC.",,,,,,,,,,,"250,843"
Rafael Guasti,https://www.crunchbase.com/person/rafael-guasti,,,"Ribeirão, Sao Paulo, Brazil",CEO no MeuJardim App,,,,,,,,,,,"250,842"
Keith Straker,https://www.crunchbase.com/person/keith-straker,,,"Newcastle upon Tyne, United Kingdom, Europe",Keith Straker,,,,,,,,,,,"250,852"
Markus Enzelberger,https://www.crunchbase.com/person/markus-enzelberger-7fe4,,,"Munich, Bayern, Germany",Markus Enzelberger is a Partner at Versant Ventures.,Investment Partner,,,1,,,,,,,"250,849"
Kai Janssen,https://www.crunchbase.com/person/kai-janssen,,,,Kai Janssen,,,,,,,,,,,"250,844"
Bring love back by Vashi-Karan specialist,https://www.crunchbase.com/person/vashikaran-to-get-love-back,,,"New Delhi, Delhi, India","Online Vashikaran specialist astrologer, Acharya Ravi Ji Vashikaran is an art that helps people to control the mind of your beloved and way ...",,,,,,,,,,,"250,845"
Sean Creehan,https://www.crunchbase.com/person/sean-creehan-6f7e,,,,653 Investment Partners Co-Founder and Principal,,,,,,,,,,,"250,851"
Paul Hamlin,https://www.crunchbase.com/person/paul-hamlin,,,,Paul Hamlin,,,,,,,,,,,"250,853"
Dr. Hua Yi,https://www.crunchbase.com/person/dr-hua-yi,,,,Dr. Hua Yi is a managing Director of CS Capital.,Investment Partner,,,1,,,,,,,"250,850"
John Butterworth,https://www.crunchbase.com/person/john-butterworth,,,"London, England, United Kingdom","John is an Investment Manager responsible for sourcing, executing and managing Connection Capital's private equity transactions alongside Be...",,,,,,,,,,,"250,847"
Wei Li,https://www.crunchbase.com/person/wei-li-87fc,,,,Li Wei is a joint partner at QianHai FoFs and the founding partner of Songhe Capital.,Investment Partner,,,1,,,,,,,"250,824"
webomax webomax,https://www.crunchbase.com/person/webomax-webomax,,,,webomax webomax,,,,,,,,,,,"250,860"
Jonathan Isaacsohn,https://www.crunchbase.com/person/jonathan-isaacsohn,,,"Cincinnati, Ohio, United States",Jonathan Isaacsohn,,,,,,,,,,,"250,834"
Joseph Quintilian,https://www.crunchbase.com/person/joseph-quintilian-895b,1,,,Joseph Quintilian is an individual investor.,Individual/Angel,,1,,,,,,,,"250,861"
Jorge Shwartzman,https://www.crunchbase.com/person/jorge-shwartzman,1,,,Jorge Shwartzman,Individual/Angel,Seed,1,,,,,,,,"250,862"
Jason Jerista,https://www.crunchbase.com/person/jason-jerista,,,"Philadelphia, Pennsylvania, United States",Jason leads LLR’s investor relations efforts by building and maintaining relationships with institutional and family office investors. Pr...,,,,,,,,,,,"250,868"
Cariappa Ballachanda,https://www.crunchbase.com/person/cariappa-ballachanda,,,"Bengaluru, Karnataka, India",Cariappa Ballachanda,,,,,,,,,,,"250,884"
Dan Conway,https://www.crunchbase.com/person/dan-conway-1,,,,Dan is an Associate at PJC and is actively assessing new investment opportunities while also supporting the firm’s existing portfolio compan...,,,,,,,,,,,"250,893"
Louis Wellhouse,https://www.crunchbase.com/person/louis-wellhouse,,,,Louis Wellhouse,,,,,,,,,,,"250,885"
Rimu Atkinson,https://www.crunchbase.com/person/rimu-atkinson,,,"Wellington, Wellington, New Zealand",Rimu Atkinson,,,,,,,,,,,"250,875"
Kutay Muslu,https://www.crunchbase.com/person/kutay-muslu,,,,Kutay Muslu,,,,,,,,,,,"250,876"
Will de Groot,https://www.crunchbase.com/person/will-degroot,,,"Boston, Massachusetts, United States","Mr. de Groot joined Boston Millennia Partners in August of 2008. He has worked on international, federal and state public policy issues for ...",,,,,,,,,,,"250,877"
Pierre Caudrelier,https://www.crunchbase.com/person/pierre-caudrelier,,,,Pierre Caudrelier,,,,,,,,,,,"250,886"
Ana Carolina João Soto,https://www.crunchbase.com/person/ana-carolina-joão-soto,,,"São Paulo, Sao Paulo, Brazil",Ana Carolina João Soto,,,,,,,,,,,"250,887"
Harshit Sharma,https://www.crunchbase.com/person/harshit-sharma-5b33,,,"Delhi, Delhi, India","We’re a digital marketing agency that delivers insane growth for our clients. we promote your business via social media,advertising,seo,Emai...",,Seed,,,,,,,,,"250,891"
Alex Taylor,https://www.crunchbase.com/person/alex-taylor-d332,,,"Warrawee, New South Wales, Australia",Alex Taylor,Investment Partner,,,1,,,,,,,"250,865"
Mathias Conradt,https://www.crunchbase.com/person/mathias-conradt,,,"Stuttgart, Baden-Wurttemberg, Germany","Cybersecurity professional with a software engineering and pre-sales background and a passion for open source, automation and data privacy; ...",,,,,,,,,,,"250,815"
Travis Lubinsky,https://www.crunchbase.com/person/travis-lubinsky-0813,1,,,Travis Lubinsky,Individual/Angel,,1,,,,,,,,"250,883"
Nitin Uppal,https://www.crunchbase.com/person/nitin-uppal-810b,1,,,Nitin Uppal,Individual/Angel,,1,,,,,,,,"250,873"
Rajeev Saraf,https://www.crunchbase.com/person/rajeev-saraf,2,,,Rajeev Saraf,Individual/Angel,Seed,2,,,,,,,,"250,892"
Omer Schipper,https://www.crunchbase.com/person/omer-schipper,,,,Omer Schipper,Investment Partner,Late Stage Venture,,1,,,,,,,"250,872"
Liew Kee Sin,https://www.crunchbase.com/person/liew-kee-sin,,,,Liew Kee Sin joined S P Setia as founder.,,,,,,,,,,,"250,879"
Mahan Ahmadi,https://www.crunchbase.com/person/mahan-ahmadi,,,"Bandar, Hormozgan, Iran","(Mojtaba Ahmadi poor known professionally as  Mahan Ahmadi), Mahan Ahmadi singer and percussion player living in Iran, the city of Bandar Ab...",,,,,,,,,,,"250,882"
Judy Carter,https://www.crunchbase.com/person/judy-carter,,,,Judy Carter,,,,,,,,,,,"250,822"
Henry Bohan Z,https://www.crunchbase.com/person/henry-bohan-z,,,"New York, New York, United States",Henry Bohan Z,,,,,,,,,,,"250,867"
Griffin Asigo,https://www.crunchbase.com/person/griffin-asigo,,,,Griffin Asigo,,Private Equity,,,,,,,,,"250,878"
Jonathan Karp,https://www.crunchbase.com/person/jonathan-karp,,,"New York, New York, United States",Jonathan Karp,,,,,,,,,,,"250,894"
Charlie Ramsden,https://www.crunchbase.com/person/charlie-ramsden,,,"London, England, United Kingdom",Charlie R. is a Associate Director at Turquoise International and an alumni of University of Exeter,Investment Partner,,,1,,,,,,,"250,839"
Steve Buytels,https://www.crunchbase.com/person/steve-buytels,,,,"Mr. Buytels brings over 13 years of oil and gas capital markets, finance and advisory industry experience. He most recently served as Managi...",,,,,,,,,,,"250,890"
Sebastien Meunier,https://www.crunchbase.com/person/sebastien-meunier,,,"Montréal, Quebec, Canada",Sebastien Meunier,,,,,,,,,,,"250,888"
Heinz Möckli,https://www.crunchbase.com/person/heinz-möckli,,,,Heinz Möckli,,,,,,,,,,,"250,889"
Enric Aparici,https://www.crunchbase.com/person/enric-aparici-f024,,,,Enric Aparici,,,,,,,,,,,"250,880"
Navratan Jain,https://www.crunchbase.com/person/navratan-jain,1,,,Navratan Jain,Individual/Angel,Early Stage Venture,1,,,,,,,,"250,869"
Victoria Zellmer,https://www.crunchbase.com/person/victoria-zellmer,,,"Chicago, Illinois, United States",Victoria Zellmer,,,,,,,,,,,"250,841"
Gilber Machado,https://www.crunchbase.com/person/gilber-machado,,,"São Paulo, Sao Paulo, Brazil",Gilber Machado is the Co-Founder and CEO of Kuau. He previously worked at Agência ebrand as an Executive Director and CEO. Gilber Machado at...,,,,,,,,,,,"250,866"
Jill Shih,https://www.crunchbase.com/person/jill-shih,1,,,Jill Shih,Individual/Angel,,1,,,,,,,,"250,896"
Vinay Patel,https://www.crunchbase.com/person/vinay-patel-48fd,1,,,Vinay Patel is the Managing Director of Accenture.,Individual/Angel,,1,,,,,,,,"250,897"
Sanjay Rishi,https://www.crunchbase.com/person/sanjay-rishi-bf22,,,,Sanjay Rishi,Investment Partner,,,1,,,,,,,"250,895"
Danny Spears,https://www.crunchbase.com/person/danny-spears-1be6,,,"Cincinnati, Ohio, United States",Senior Vice President,Investment Partner,,,1,,,,,,,"250,899"
Jean Camille Veyrac,https://www.crunchbase.com/person/jean-camille-veyrac,,,"Toulouse, Midi-Pyrenees, France","Graduated with a Master ""Responsible Management"", Jean-Camille started her career as a Quality Manager and Financial Controller of a subsidi...",,,,,,,,,,,"250,854"
Lee Sach,https://www.crunchbase.com/person/lee-sach-1709,,,"New York, New York, United States",Lee Sach is the Founding Partner of Mosaic Financial Markets. Lee Sach attended the University of Southampton.,,,,,,,,,,,"250,844"
Michelle Lubetzky,https://www.crunchbase.com/person/michelle-lubetzky,1,,,Michelle Lubetzky,Individual/Angel,Seed,1,,,1,,,,,"250,907"
Chris Platika,https://www.crunchbase.com/person/chris-platika,,,,Chris Platika,,,,,,,,,,,"250,847"
Mukesh Maniar,https://www.crunchbase.com/person/mukesh-maniar,2,,,Mukesh Maniar,Individual/Angel,,2,,,,,,,,"250,913"
Dough Rowan,https://www.crunchbase.com/person/dough-rowan,1,,,Dough Rowan,Individual/Angel,Seed,1,,,,,,,,"250,846"
Herbert Blutenthal,https://www.crunchbase.com/person/herbert-blutenthal,1,,"Glencoe, Illinois, United States",Herbert Blutenthal,Individual/Angel,Seed,1,,,,,,,,"250,901"
Wojciech Marcińczyk,https://www.crunchbase.com/person/wojciech-marciczyk,,,,"He has over fifteen years of experience in financial management in the telecommunications industries , ICT, financial services, consulting. ...",,,,,,,,,,,"250,920"
Nick Wiger,https://www.crunchbase.com/person/nick-wiger,,,"Los Angeles, California, United States",Nick Wiger is a individual investor.,,,,,,,,,,,"250,866"
Graeme John,https://www.crunchbase.com/person/graeme-john,,,"Edinburgh, Edinburgh, City of, United Kingdom",Graeme John is an Advisor of Commsworld.,,,,,,,,,,,"250,916"
Huang Zhaohui,https://www.crunchbase.com/person/huang-zhaohui-a988,,,,Huang Zhaohui is the  Managing Director of CICC Capital.,Investment Partner,,,1,,,,,,,"250,849"
Catarina Bjorlin Hansen,https://www.crunchbase.com/person/catarina-bjorlin-hansen,,,,Catarina Bjorlin Hansen is the  Regional Director for the Caucasus at EBRD.,Investment Partner,,,1,,,,,,,"250,921"
Michael Lucente,https://www.crunchbase.com/person/michael-lucente-f6a8,,,,Michael Lucente,,,,,,,,,,,"250,908"
Carrie Hillyard,https://www.crunchbase.com/person/carrie-hillyard,,,,Carrie is a co-founder of CM Capital and has led the Life Sciences practice at CM Capital for over 10 years. She has over 25 years experienc...,,,,,,,,,,,"250,924"
Nate Guernsey,https://www.crunchbase.com/person/nate-guernsey-b070,,,,Nate Guernsey joined TensorWrench as Co-Founder & Chief Technology Officer.,,,,,,,,,,,"250,918"
Reynard Hilman,https://www.crunchbase.com/person/reynard-hilman,,,,Reynard Hilman,,,,,,,,,,,"250,912"
Benny Medina,https://www.crunchbase.com/person/benny-medina,,,,Benny Medina,,,,,,,,,,,"250,906"
Patrick Opie,https://www.crunchbase.com/person/patrick-opie,,,"Seattle, Washington, United States",Patrick Opie,,,,,,,,,,,"250,893"
Dylan Bertalli,https://www.crunchbase.com/person/dylan-bertalli,,,,Dylan Bertalli,,,,,,,,,,,"250,882"
Stéphane Ouaki,https://www.crunchbase.com/person/stéphane-ouaki,,,,Stéphane Ouaki,Investment Partner,,,1,,,,,,,"250,903"
Xiaojun CHEN,https://www.crunchbase.com/person/xiaojun-chen-a2d9,1,,,Xiaojun CHEN,Individual/Angel,Seed,1,,,,,,,,"250,925"
William Hardt,https://www.crunchbase.com/person/william-hardt,,,"Bristol, Wisconsin, United States",William Hardt is the President at Northlake Engineering.,,,,,,,,,,,"250,871"
Askar Smagulov,https://www.crunchbase.com/person/askar-smagulov,,,"San Ramon, California, United States",Umut B. Shayahatova is the Member of the Board of Directors at Altyn Bank Admin,,,,,,,,,,,"250,927"
Isaac Shalom,https://www.crunchbase.com/person/isaac-shalom,1,,,Isaac Shalom,Individual/Angel,Seed,1,,,,,,,,"250,917"
Chen Jing,https://www.crunchbase.com/person/chen-jing,,,,Chen Jing,Investment Partner,,,1,,,,,,,"250,914"
Mika Suomela,https://www.crunchbase.com/person/mika-suomela,,,"Helsinki, Southern Finland, Finland","Mika is a Partner at VersoVentures since 2013. Mika has over 20 years of experience leading international businesses at Nokia, Ericsson and...",Investment Partner,,,3,,,,,,,"250,915"
Ken Provencher,https://www.crunchbase.com/person/ken-provencher,,,"Springfield, Oregon, United States",Ken Provencher,,,,,,,,,,,"250,910"
Luciano Loffi,https://www.crunchbase.com/person/luciano-loffi,,,"Joinville, Santa Catarina, Brazil",Luciano Loffi,,,,,,,,,,,"250,911"
Jack Morrison,https://www.crunchbase.com/person/jack-morrison-2ff3,,,,Jack Morrison,,,,,,,,,,,"250,922"
Md Riaz,https://www.crunchbase.com/person/md-riaz,,,"Dhaka, Dhaka, Bangladesh",Visionary entrepreneur & Tech investor.,,"Seed, Venture",,,,,,,,,"250,928"
Rafer Weigel,https://www.crunchbase.com/person/rafer-weigel-950e,,,,"Rafer Weigel is a multi-faceted professional, possessing an award-winning background in journalism, marketing strategy, and branding. For th...",,,,,,,,,,,"250,931"
Shayne Williams,https://www.crunchbase.com/person/shayne-williams-f94a,,,"London, England, United Kingdom",Shayne Williams,,,,,,,,,,,"250,932"
Amy Perlik Healy,https://www.crunchbase.com/person/amy-perlik-healy,,,,Amy Perlik Healy is a Vice President at Government Relations GRUBHUB.,Investment Partner,,,1,,,,,,,"250,933"
Dee Ford,https://www.crunchbase.com/person/dee-ford,1,,,Dee Ford,Individual/Angel,,1,,,,,,,,"250,877"
Jim MacDonald,https://www.crunchbase.com/person/jim-macdonald-cf50,,,"Toronto, Alberta, Canada",Jim MacDonald,,,,,,,,,,,"250,939"
Peng Cheng,https://www.crunchbase.com/person/peng-cheng-bf01,,,,Peng Cheng,,,,,,,,,,,"250,945"
Nathan Mackeans,https://www.crunchbase.com/person/nathan-mackeans,,,"Nigeria, Africa",Nathan Mackeans - Founder @ SnapShop,,,,,,,,,,,"250,879"
Jitesh Mehta,https://www.crunchbase.com/person/jitesh-mehta,1,,,Jitesh Mehta,Individual/Angel,,1,,1,,,,,,"250,952"
Mindy Harvey,https://www.crunchbase.com/person/mindy-harvey,,,"Napa, California, United States",Mindy Harvey was the Founder of Ultimate Ears.,,,,,,,,,,,"250,955"
Anjani Prasad,https://www.crunchbase.com/person/anjani-prasad,1,,,Anjani Prasad,Individual/Angel,Seed,1,,,,,,,,"250,897"
Harvinder Singh,https://www.crunchbase.com/person/harvinder-singh-8aa3,,,"Mumbai, Maharashtra, India",Harvinder Singh,,,,,,,,,,,"250,957"
Lyle Petersen,https://www.crunchbase.com/person/lyle-petersen-f4d3,,,"Fort Collins, Colorado, United States","Lyle Petersen is the Director, Division of Vector-Borne Diseases at the Centers for Disease Control and Prevention.",Investment Partner,,,1,,,,,,,"250,938"
Suzuki Makoto,https://www.crunchbase.com/person/suzuki-makoto-1,,,,"Suzuki Makoto is the Co-Founder and CTO at Sonas. He completed his Doctoral course at Graduate School of Frontier Sciences, University of To...",,,,,,,,,,,"250,950"
Tyzza Macias,https://www.crunchbase.com/person/tyzza-macias,,,"Dallas/Fort Worth Metroplex, Texas, United States",Tyzza Macias,,,,,,,,,,,"250,949"
Summer Chen,https://www.crunchbase.com/person/summer-chen,,,,"Summer had more than seven years experience in PE and strategic investments while at professional firms (Legend, Accenture, KPMG) with solid...",,,,,,,,,,,"250,941"
Wendy Lean,https://www.crunchbase.com/person/wendy-lean,,,"Malaysia, Asia","Wendy Lean, Founder of Vase Creation. Her major in 'Branding' contributes greatly to the development and distribution of the brand to local ...",,,,,,,,,,,"250,946"
Harry Amster,https://www.crunchbase.com/person/harry-amster,,,,Harry Amster,,,,,,,,,,,"250,935"
Colin D. Chapman,https://www.crunchbase.com/person/colin-d-chapman,,,"San Francisco, California, United States","Colin is a partner in our Silicon Valley office, specializing in the areas of corporate partnering and strategic alliances, technology prote...",,,,,,,,,,,"250,951"
Rishi Das Agarwal,https://www.crunchbase.com/person/rishi-das-agarwal,,,"Delhi, Delhi, India",Rishi Das Agarwal,,,,,,,,,,,"250,937"
Larraine Segil,https://www.crunchbase.com/person/larraine-segil,,,"Los Angeles, California, United States","Larraine D. Segil is CEO of Larraine Segil Inc., consulting with companies on global strategy, management and alliances. Since 1991, she has...",,Seed,,,,,,,,,"250,940"
Mauricio Almeida,https://www.crunchbase.com/person/mauricio-almeida,,,"São Paulo, Sao Paulo, Brazil",Mauricio Almeida,,,,,,,,,,,"250,948"
Ken Sitti,https://www.crunchbase.com/person/ken-sitti,,,"Bangkok, Krung Thep, Thailand","Ken is a Digital Marketer, SEO, and Management Consultant with Entrepreneurial Mindset. He has a passion in building and leading businesses ...",,Seed,,,,,,,,,"250,936"
Wang Bing,https://www.crunchbase.com/person/wang-bing-0dbd,,,,Wang Bing,Investment Partner,,,1,,,,,,,"250,958"
Ioa ue,https://www.crunchbase.com/person/jon-gurakuqi,,,,"Entreprenuer , Investor",,,,,,,,,,,"250,959"
Lee Gi-ha,https://www.crunchbase.com/person/lee-gi-ha,,,,Lee Gi-ha is the CEO of Primer Saje Partners.,Investment Partner,,,1,,,,,,,"250,960"
Dan Nicholson,https://www.crunchbase.com/person/dan-nicholson-537d,,,"Rochester, Michigan, United States","Dan Nicholson is the Vice President of Electrification, Controls, Software & Electronics, and General Motors.",,,,,,,,,,,"250,961"
Lee Tae-yang,https://www.crunchbase.com/person/lee-tae-yang,,,,Lee Tae-yang serves as chief judge of Blue Point Partners.,Investment Partner,,,1,,,,,,,"250,962"
Rémy Beaumont,https://www.crunchbase.com/person/rémy-beaumont,,,"Quebec, Quebec, Canada",Rémy Beaumont - Managing Director @ Hacking Health Accelerator,,,,,,,,,,,"250,963"
Yan Jiandong,https://www.crunchbase.com/person/yan-jiandong,,,,Yan Jiandong is the Chairman of Bell Tower Financial Holdings.,Investment Partner,,,1,,,,,,,"250,964"
Zane Hendricks,https://www.crunchbase.com/person/zane-hendricks-715d,,,,Zane Hendricks vice president of Midwest Growth Partners,Investment Partner,,,1,,,,,,,"250,965"
Luke Alexander,https://www.crunchbase.com/person/luke-alexander-410c,,,,"Luke Alexander brings extensive resource sector experience, knowledge and contacts to Newcore, particularly in West Africa. He has raised bi...",,,,,,,,,,,"250,971"
Robyn Coles,https://www.crunchbase.com/person/robyn-coles-bf3d,1,,,Robyn Coles,Individual/Angel,,1,,,,,,,,"250,966"
Joshua Larson,https://www.crunchbase.com/person/joshua-larson-ma,,,"Barnstable, Massachusetts, United States",Joshua Larson,,,,,,,,,,,"250,917"
Murray Wilson,https://www.crunchbase.com/person/murray-wilson,,,,"Murray joined River Cities in 1995 following the launch of Fund I in 1994. Prior to River Cities, he was the first associate hired at anothe...",,,,,,,,,,,"250,993"
Victor Odinets,https://www.crunchbase.com/person/victor-odinets,,,,Victor Odinets,,,,,,,,,,,"250,992"
André Harrell,https://www.crunchbase.com/person/andré-harrell,,,"New Hope, Pennsylvania, United States","A cross-functional leader with close to 30 years’ experience in the life sciences, medical devices, consumer goods and chemicals industry.",,,,,,,,,,,"250,984"
Antoine Buat,https://www.crunchbase.com/person/antoine-buat,,,"Aix-en-provence, Provence-Alpes-Cote d'Azur, France",Antoine Buat,,,,,,,,,,,"250,973"
Rubab Hassan,https://www.crunchbase.com/person/rubab-hassan,,,"Dubai, Dubai, United Arab Emirates",Rubab Hassan,,,,,,,,,,,"250,909"
Gurpreet Singh,https://www.crunchbase.com/person/gurpreet-singh-3c82,,,"Chandigarh, Chandigarh, India",Gurpreet Singh,,,,,,,,,,,"250,970"
SANGEETHA KUPPURAJ,https://www.crunchbase.com/person/sangeetha-kuppuraj-0ef1,,,,SANGEETHA KUPPURAJ,Investment Partner,,,1,,,,,,,"250,921"
Morwenna Porter,https://www.crunchbase.com/person/morwenna-porter,,,,Morwenna joined Sigma Inpartnership in November 2011 as Office Manager and Project Team Assistant for the Manchester office. Morwenna covers...,,,,,,,,,,,"250,925"
Arthi Singaravelan,https://www.crunchbase.com/person/arthi-singaravelan,,,,Arthi Singaravelan,,,,,,,,,,,"250,969"
Michael Coupland,https://www.crunchbase.com/person/michael-coupland-ef73,,,"London, England, United Kingdom","Michael Coupland, Investment Director at Connection Capital.",Investment Partner,,,1,,,,,,,"250,986"
Stephen Way,https://www.crunchbase.com/person/stephen-way,,,"Brunswick, Ohio, United States",Stephen Way,,,,,,,,,,,"250,991"
Kenji Ohmori,https://www.crunchbase.com/person/kenji-ohmori,,,"Ibaraki, Japan, Asia",Kenji Ohmori joined Device Lab as Co-Founder & CEO in 2017.,,,,,,,,,,,"250,974"
Brando Bigazzi,https://www.crunchbase.com/person/brando-bigazzi,,,,Brando Bigazzi,,,,,,,,,,,"250,975"
Danney Velazquez,https://www.crunchbase.com/person/danney-velazquez,,,"United States, North America","I'm a journalist, poet, writer, and mixed media artist.  Art is my way to stay in the world. EN/SPA",,,,,,,,,,,"250,976"
Deepak Gupta,https://www.crunchbase.com/person/deepak-gupta-9427,,,"India, Asia",Professional Experience Working as a 3D Artist for Clients in Australia and Europe. Small time Working in Star India as a VFX Artist in 2019...,,,,,,,,,,,"250,978"
Michel Nagano,https://www.crunchbase.com/person/michel-nagano,,,"São Paulo, Sao Paulo, Brazil",Michel Nagano,,,,,,,,,,,"250,922"
Geoff Young,https://www.crunchbase.com/person/geoff-young-f3b4,,,"Agawam, Massachusetts, United States",Geoff Young,,,,,,,,,,,"250,924"
Jay Chan,https://www.crunchbase.com/person/jay-chan,,,,Jay Chan,Investment Partner,,,1,,,,,,,"250,988"
Kevin Fernandes,https://www.crunchbase.com/person/kevin-fernandes-ce8f,,,"Canada, North America",Kevin Fernandes,,,,,,,,,,,"250,982"
David Gardener,https://www.crunchbase.com/person/david-gardener-0ba3,,,,David joined FlipRide as Co-Founder & Chief Financial Officer.,,,,,,,,,,,"250,916"
Paul Frohna,https://www.crunchbase.com/person/paul-frohna,,,"Aix-en-provence, Provence-Alpes-Cote d'Azur, France","Dr. Frohna has designed, conducted and monitored more than 40 clinical trials and successfully submitted more than 25 US INDs and internatio...",,,,,,,,,,,"250,981"
Luis Cesar Verdi,https://www.crunchbase.com/person/luis-cesar-verdi-debc,,,"São Paulo, Sao Paulo, Brazil",Luis Cesar Verdi,Investment Partner,Seed,,1,,,,,,,"250,967"
Dennis Pekel,https://www.crunchbase.com/person/dennis-pekel,1,,,Dennis Pekel,Individual/Angel,Seed,1,,,,,,,,"250,928"
Kommerzialrat Peter Lisec,https://www.crunchbase.com/person/kommerzialrat-peter-lisec,,,,Kommerzialrat Peter Lisec,,,,,,,,,,,"250,941"
Jin Chuan,https://www.crunchbase.com/person/jin-chuan,,,"Shenzhen, Guangdong, China",Jin Chuan is working as Vice President for Hongtai Fund.,Investment Partner,,,1,,,,,,,"250,979"
Michael Ulliman,https://www.crunchbase.com/person/michael-ulliman,,,"Washington, District of Columbia, United States",Michael Ulliman,,,,,,,,,,,"250,980"
Roman Cmelik,https://www.crunchbase.com/person/roman-cmelik,,,,Roman Cmelik,,,,,,,,,,,"250,924"
Harada Hiroe,https://www.crunchbase.com/person/harada-hiroe,,,,Harada Hiroe - Executive Officer CAO @ Rei-Frontier,,,,,,,,,,,"250,985"
Alessandro Toci,https://www.crunchbase.com/person/alessandro-toci,1,,,Alessandro Toci,Individual/Angel,,1,,,,,,,,"250,987"
Takashi Kuzuhara,https://www.crunchbase.com/person/takashi-kuzuhara,,,"Tokyo, Tokyo, Japan",Takashi Kuzuhara - President & CEO @ Recruit Jobs,,,,,,,,,,,"250,972"
Daniel Wagner,https://www.crunchbase.com/person/daniel-wagner-4,1,,,Daniel Wagner,Individual/Angel,Seed,1,,,,,,,,"250,983"
Lawrence Gill,https://www.crunchbase.com/person/lawrence-gill-b3dd,,,"Los Angeles, California, United States",Lawrence Gill is the Fund Manager of Adaptive Healthcare Fund.,Investment Partner,,,2,,,,,,,"250,968"
Celine Nicolas,https://www.crunchbase.com/person/celine-nicolas,,,"Toronto, Ontario, Canada",Celine Nicolas,,,,,,,,,,,"250,994"
Dilruba Özcan,https://www.crunchbase.com/person/dilruba-özcan,,,,"RESUME Dilruba Özcan was born on August 12, 1985 in Rize. It is from Tokat. Dilruba Özcan Hocaoğlu, who has resided in many cities due to he...",,Venture,,,,,,,,,"250,997"
Yang Zhenhuan,https://www.crunchbase.com/person/yang-zhenhuan,,,,Yang Zhenhuan is the Investment Director of Xinghua Dingli.,Investment Partner,,,1,,,,,,,"250,998"
Diego Aponte Vargas,https://www.crunchbase.com/person/diego-aponte-vargas,,,,Diego Aponte Vargas is a managing Director at SWEN Capital Partners.,Investment Partner,,,1,,,,,,,"250,999"
Stefan Müller,https://www.crunchbase.com/person/stefan-müller-36cd,1,,,Stefan Müller,Individual/Angel,,1,,,,,,,,"251,020"
John Crockett,https://www.crunchbase.com/person/john-crockett,,,"Kiev, Kyyivs'ka Oblast', Ukraine","Senior investment banking & real estate professional with extensive experience in emerging markets (CEEMEA), finance, leveraged and mezzanin...",,,,,,,,,,,"251,021"
Chirag Nahata,https://www.crunchbase.com/person/chirag-nahata,,,"Ujjain, Madhya Pradesh, India",A certified Digital Marketing professional with MBA degree in Finance and Marketing with having proficiency & experience right form product ...,,Early Stage Venture,,,,,,,,,"251,014"
Romuald Alois Kalyciok,https://www.crunchbase.com/person/romuald-alois-kalyciok,,,,Romuald Alois Kalyciok,,,,,,,,,,,"251,017"
Maria Smith,https://www.crunchbase.com/person/maria-smith-278a,,,,Maria Smith,Investment Partner,,,1,,,,,,,"251,016"
Pia Engholm,https://www.crunchbase.com/person/pia-engholm,1,,,Pia Engholm,Individual/Angel,Early Stage Venture,1,,,,,,,,"251,010"
Courtney Love Gavin,https://www.crunchbase.com/person/courtney-love-gavin,,,"Santa Monica, California, United States","Courtney Love Gavin, is an award-winning PR strategist on a mission to help entrepreneurs grow their influence & income with PR. With 15+ ye...",,,,,,,,,,,"251,011"
Luke Wright,https://www.crunchbase.com/person/luke-wright,,,"Warsaw, Indiana, United States",Luke Wright,,,,,,,,,,,"250,953"
Anderson ig,https://www.crunchbase.com/person/anderson-ig,,,,Anderson ig,,Early Stage Venture,,,,,,,,,"251,005"
Aldin Wilson,https://www.crunchbase.com/person/aldin-wilson,,,,Founder @ Trapar.co.uk |,,,,,,,,,,,"251,004"
Guy Kaufman,https://www.crunchbase.com/person/guy-kaufman-b715,,,,"Guy Kaufman, Investment Manager at MA Financial Group.",Investment Partner,,,1,,,,,,,"251,015"
Niku Oksala,https://www.crunchbase.com/person/niku-oksala,,,,"Niku Oksala joined Olfactomics as Co-Founder, CMO & Chairman.",,,,,,,,,,,"251,012"
Jose Castro,https://www.crunchbase.com/person/jose-castro,1,,"Sao Paulo, Brazil, South America",Jose Castro,Individual/Angel,Seed,1,,,,,,,,"251,001"
Steve VanderPloeg,https://www.crunchbase.com/person/steve-vanderploeg,,,"Oostburg, Wisconsin, United States",Steve VanderPloeg is the owner and manager at Oostburg Lumber. Steve attended University of Wisconsin-Milwaukee.,,,,,,,,,,,"250,947"
Yeshas Nag,https://www.crunchbase.com/person/yeshas-nag-eba3,,,"Bengaluru, Karnataka, India",Yeshas Nag,,,,,,,,,,,"251,006"
Stephen Mefferd,https://www.crunchbase.com/person/stephen-mefferd,,,"Falls Church, Virginia, United States",Stephen Mefferd,,,,,,,,,,,"251,019"
Patrik Johansson,https://www.crunchbase.com/person/patrik-johansson,,,,Patrik Johansson,,,,,,,,,,,"250,963"
Nick Ring,https://www.crunchbase.com/person/nick-ring-e043,,,"Amherst, Massachusetts, United States","Nick joined GCTV as executive director in August, 2019. He has been involved in community media for nearly twenty years, including being a f...",,,,,,,,,,,"251,002"
Tim Whitwell,https://www.crunchbase.com/person/tim-whitwell,,,"London, England, United Kingdom",Tim Whitwell,,,,,,,,,,,"251,000"
Paul Monteiro,https://www.crunchbase.com/person/paul-monteiro,,,"Washington, District of Columbia, United States","Paul Monteiro is a Partner with Values Partnerships. He comes to VPI from The White House, where he served as Associate Director of the Offi...",,,,,,,,,,,"251,022"
Michael Spindler,https://www.crunchbase.com/person/michael-spindler,,,,Michael Spindler - Managing Partner @ Upstart Capital,Investment Partner,,,1,,,,,,,"251,008"
Marco Bolognini,https://www.crunchbase.com/person/marco-bolognini,,,,"Founding Partner of Legal MAIO, Head of Commercial Partner of the Italian Chamber of Commerce for Spain. Director KPMG lawyers Partner C...",,,,,,,,,,,"251,018"
Mark Keeley,https://www.crunchbase.com/person/mark-keeley,,,"Manchester, Manchester, United Kingdom",Mark Keeley - Partner @ ECI Partners,,,,,,,,,,,"250,969"
Koki Hirota,https://www.crunchbase.com/person/koki-hirota,,,,Koki Hirota,Investment Partner,,,1,,,,,,,"251,009"
Lluis Vendrell,https://www.crunchbase.com/person/lluis-vendrell,1,,,Lluis Vendrell,Individual/Angel,,1,,,,,,,,"251,013"
Julee Wilson,https://www.crunchbase.com/person/julee-wilson-fec4,,,,Julee Wilson,,,,,,,,,,,"251,023"
Choi Chul-min GP,https://www.crunchbase.com/person/choi-chul-min-gp,,,,Choi Chul-min GP is a partner at  Choi & Lee-Glaud Private Investment Partnership.,Investment Partner,,,1,,,,,,,"250,970"
Eom Ki-won,https://www.crunchbase.com/person/eom-ki-won,,,,Eom Ki-won is the manager of Eugene Investment & Securities.,Investment Partner,,,1,,,,,,,"251,024"
James Smith,https://www.crunchbase.com/person/james-smith-7a21,,,"United States, North America",Unleash the potential of your California real estate journey with my expertise. Let's embark on an adventure of finding your perfect home sw...,,,,,,,,,,,"251,025"
Ichiro Ishikawa,https://www.crunchbase.com/person/ichiro-ishikawa-d581,,,,Ichiro Ishikawa,Investment Partner,,,1,,,,,,,"250,975"
Tatiana Aoki,https://www.crunchbase.com/person/tatiana-aoki,,,,Tatiana Aoki,,,,,,,,,,,"251,028"
Nicolas Petrovic,https://www.crunchbase.com/person/nicolas-petrovic-553a,1,,,Nicolas Petrovic,Individual/Angel,,1,,,,,,,,"250,993"
ANUJ JAIN,https://www.crunchbase.com/person/anuj-jain-ad3d,,,"Gurgaon, Haryana, India",Venture Capital at Ncubate Capital.  Board observer at MyLoanCare (www.myloancare.in).,,Early Stage Venture,,,,,,,,,"250,982"
Priyanka Belawat,https://www.crunchbase.com/person/priyanka-belawat,,,,Priyanka Belawat,Investment Partner,,,3,,,,,,,"251,051"
Mike Halloran,https://www.crunchbase.com/person/mike-halloran,,,,Mike Halloran - Partner @ Zap Ventures,,,,,,,,,,,"251,042"
Ellis Fuller,https://www.crunchbase.com/person/ellis-fuller,1,,,Ellis Fuller,Individual/Angel,,1,,,,,,,,"251,043"
Tim Nichols,https://www.crunchbase.com/person/tim-nichols-3862,,,"Fort Lauderdale, Florida, United States",Tim Nichols,,,,,,,,,,,"251,044"
Vereen Smith,https://www.crunchbase.com/person/vereen-smith,1,,,Vereen Smith,Individual/Angel,Seed,1,,,,,,,,"251,050"
Juan Harrison,https://www.crunchbase.com/person/juan-harrison,,,"Palo Alto, California, United States","Mr. Harrison is Vice President, New Frontier Science and is responsible for engaging healthcare innovation emerging from academia and scient...",,,,,,,,,,,"251,033"
Franci Mjeda,https://www.crunchbase.com/person/franci-mjeda,1,1,,Franci Mjeda,Individual/Angel,Seed,1,,,,1,,,,"251,048"
JW Carpenter,https://www.crunchbase.com/person/jw-carpenter,,,,JW Carpenter,Investment Partner,,,4,,,,,,,"250,976"
JY Pan,https://www.crunchbase.com/person/jy-pan,,,,JY Pan is the co-founder of Summit View Capital.,Investment Partner,,,1,,,,,,,"251,036"
Matt Wiggers,https://www.crunchbase.com/person/yose-rizal-9cf3,,,"Indonesia, Asia",Matt Wiggers,,"Early Stage Venture, Seed",,,,,,,,,"251,030"
Andy Wong,https://www.crunchbase.com/person/andy-wong-fb27,,,"Hong Kong, Asia",Andy Wong,,,,,,,,,,,"251,059"
adfasdfas asdfadfasdf,https://www.crunchbase.com/person/ryszard-szopa,,,,adfasdfas asdfadfasdf,,,,,,,,,,,"251,062"
Janguie Diniz,https://www.crunchbase.com/person/janguie-diniz,1,,,Janguie Diniz,Individual/Angel,Early Stage Venture,1,,1,,,,,,"251,047"
Ivan Johnston,https://www.crunchbase.com/person/ivan-johnston,,,,Ivan Johnston,,,,,,,,,,,"250,980"
Sanjiv Rai,https://www.crunchbase.com/person/sanjiv-rai,1,,"Gurgaon, Haryana, India","Sanjiv Rai is the Managing Director of SRKK Advisors, a boutique investment company, which began with a motive of funding pre-revenue early ...",Individual/Angel,Seed,1,,,,,,,,"251,039"
Zhenping Zhu,https://www.crunchbase.com/person/zhenping-zhu,,,"New City, New York, United States",Zhenping Zhu,Investment Partner,,,2,,,,,,,"250,994"
Jean Pierre Arnaud,https://www.crunchbase.com/person/jean-pierre-arnaud-d8e2,,,,Jean Pierre Arnaud,,,,,,,,,,,"251,056"
Andrea Montanaro,https://www.crunchbase.com/person/andrea-montanaro,,,"Milan, Lombardia, Italy",Andrea Montanaro,,,,,,,,,,,"251,057"
Oren Fuerst,https://www.crunchbase.com/person/oren-fuerst-3f0d,,,"Israel, Asia",Oren Fuerst,,,,,,,,,,,"251,000"
Kanazawa Daisuke,https://www.crunchbase.com/person/kanazawa-daisuke,,,,"In 2005, he joined Opt Holdings (now OPT Holdings). Appointed as Director of Sales in 2008, Director of Sales Headquarters in 2010, and Exec...",,,,,,,,,,,"251,040"
Daniel Böhi,https://www.crunchbase.com/person/daniel-böhi,,,"Serbia, Europe",Daniel Böhi is a Director of the Founder Institute.,Investment Partner,,,1,,,,,,,"251,041"
Cecilia Pearce,https://www.crunchbase.com/person/cecilia-pearce,,,"Worcester, Worcestershire, United Kingdom",Cecilia Pearce,,,,,,,,,,,"250,988"
David Parker,https://www.crunchbase.com/person/david-parker-1b16,,,"London, England, United Kingdom",David Parker,Investment Partner,,,1,,,,,,,"251,046"
Hbhj Gghhj,https://www.crunchbase.com/person/bishal-kumar-das-6e03,,,"India, Asia",Hbhj Gghhj,,,,,,,,,,,"251,061"
Claire Burke Gill,https://www.crunchbase.com/person/claire-gill,,,"Arlington, Virginia, United States",Claire Gill is the CEO of The National Osteoporosis Foundation (Bone Health & Osteoporosis Foundation). She previously worked at Hunter Publ...,,,,,,,,,,,"251,054"
Geoffrey Hyatt,https://www.crunchbase.com/person/geoffrey-hyatt-2,,,"Boston, Massachusetts, United States",Geoffrey Hyatt,,,,,,,,,,,"251,055"
"OLAHBET OLAHBET TIPU, OLAHBET MENIPU MEMBER",https://www.crunchbase.com/person/olahbet-olahbet-tipu-olahbet-menipu-member,,,,"OLAHBET OLAHBET TIPU, OLAHBET MENIPU MEMBER",,Private Equity,,,,,,,,,"251,053"
Abaran Deep,https://www.crunchbase.com/person/abaran-deep,1,,,Abaran Deep,Individual/Angel,Seed,1,,,,,,,,"251,031"
Chris Oates,https://www.crunchbase.com/person/chris-oates-c307,,,,Chris Oates,,,,,,,,,,,"251,032"
Janet Yu,https://www.crunchbase.com/person/janet-yu,,,"Shanghai, Shanghai, China","Janet Yu serves as a Partner at Qiming Venture Partners since 2009, focusing on the RMB fund raising and government relation. She has over 1...",,,,,,,,,,,"251,063"
David Engelman,https://www.crunchbase.com/person/david-engelman,,,,David Engelman,,,,,,,,,,,"251,052"
Chris Graham,https://www.crunchbase.com/person/chris-graham-01f1,,,,Chris Graham is the Chairman and President of the Imagine Learning Foundation.,Investment Partner,,,2,,,,,,,"251,049"
Cécile Tharaud,https://www.crunchbase.com/person/cécile-tharaud,,,,Cécile Tharaud,Investment Partner,,,1,,,,,,,"251,066"
Steven Powles,https://www.crunchbase.com/person/steven-powles-26be,,,"United Kingdom, Europe",Steven Powles,,,,,,,,,,,"251,069"
Christian Fernández,https://www.crunchbase.com/person/christian-fernndez,,,,Christian Fernández,,,,,,,,,,,"251,118"
Abu Huraira Dayan,https://www.crunchbase.com/person/abu-huraira-dayan,,,,Abu Huraira Dayan,,Post-Ipo,,,,,,,,,"251,119"
Miles Louis,https://www.crunchbase.com/person/miles-louis,,,"Florida, United States, North America",Miles Louis,,,,,,,,,,,"251,120"
a Arbaz Ali Zamani,https://www.crunchbase.com/person/a-arbaz-ali-zamani,,,,a Arbaz Ali Zamani,,Grant,,,,,,,,,"251,124"
Patricia Moraes,https://www.crunchbase.com/person/patricia-moraes-0f07,,,,Patricia Moraes,Investment Partner,,,1,,,,,,,"251,125"
Takada Tomohiro,https://www.crunchbase.com/person/takada-tomohiro,,,,Takada Tomohiro,,,,,,,,,,,"251,111"
Wendi Joseph,https://www.crunchbase.com/person/wendi-joseph,,,"Greater New York Area, United States, North America",Wendi Joseph,,,,,,,,,,,"251,093"
Jin Jin Chen,https://www.crunchbase.com/person/jin-jin-chen,1,,"Jinan, Shandong, China",Jin Jin Chen,Individual/Angel,Seed,1,,,,,,,,"251,012"
Thomas Hudson,https://www.crunchbase.com/person/thomas-hudson-2fb3,,,"United States, North America","Thomas Hudson Senior Vice President, R&D and Chief Scientific Officer at AbbVie.",Investment Partner,,,1,,,,,,,"251,121"
Raiyan khan,https://www.crunchbase.com/person/raiyan-khan-e7b2,,,,Raiyan khan,,,,,,,,,,,"251,078"
Sundeep Bhandari,https://www.crunchbase.com/person/sundeep-bhandari-2,1,,,Sundeep Bhandari,Individual/Angel,Seed,1,,,,,,,,"251,024"
Trevon Crump,https://www.crunchbase.com/person/trevon-crump,,,,Trevon Crump,,Crowdfunding,,,,,,,,,"251,081"
Steven Wang Moore MD FACS,https://www.crunchbase.com/person/steven-wang-moore-md-facs,,,,Steven Wang Moore MD FACS,,,,,,,,,,,"251,079"
Rohan Sahu,https://www.crunchbase.com/person/rohan-sahu-d6db,1,,,Rohan Sahu,Individual/Angel,,1,,,,,,,,"251,097"
electro magicsq,https://www.crunchbase.com/person/electro-magicsq,,,,"Electromagics is the one of the best site for all Electronics Project like School student, Engineering student Project with Circuit diagram ...",,"Private Equity, Venture",,,,,,,,,"251,101"
Piet Hut,https://www.crunchbase.com/person/piet-hut,,,,Piet Hut,,,,,,,,,,,"251,094"
Anthony G.,https://www.crunchbase.com/person/anthony-g-d888,,,,Anthony is CEO at Windy City Motorcycle Company.,,,,,,,,,,,"251,088"
Rozer Fernandes,https://www.crunchbase.com/person/rozer-fernandes,,,"United States, North America",Blogger and Entrepreneur interest in Blockchain.,,Initial Coin Offering,,,,,,,,,"251,089"
Florian Martin,https://www.crunchbase.com/person/florian-martin-8888,,,,Florian Martin is a managing director at KGAL Group.,Investment Partner,,,1,,,,,,,"251,033"
Shakeel Jutt World,https://www.crunchbase.com/person/shakeel-jutt-world,,,"Mian Channu, Punjab, Pakistan","Shakeel Jutt World (Born 20 November 2001) is well known Social Worker in Pakistan. At a very young age, Shakeel Jutt World World set up his...",,Private Equity,,,,,,,,,"251,076"
Jimmy Cheung,https://www.crunchbase.com/person/jimmy-cheung,1,,,Jimmy Cheung,Individual/Angel,,1,,,,,,,,"251,106"
Wang Qian,https://www.crunchbase.com/person/wang-qian-8a79,,,,Wang Qian is an investment director of Source Code Capital.,Investment Partner,,,1,,,,,,,"251,038"
Mentori Participações,https://www.crunchbase.com/person/mentori-participações-d886,,,"São Paulo, Sao Paulo, Brazil",Mentori Participações,Investment Partner,Seed,,1,,,,,,,"251,083"
Damien Kelly,https://www.crunchbase.com/person/damien-kelly-0a30,,,"Huddersfield, Kirklees, United Kingdom","Damien Kelly, Innovation Lead - Energy Systems at Innovate UK.",Investment Partner,,,1,,,,,,,"251,072"
Lina Ruiz,https://www.crunchbase.com/person/lina-ruiz,,,"Bogotá, Distrito Especial, Colombia",Lina Ruiz,,Seed,,,,,,,,,"251,112"
Bruno Abdelnur,https://www.crunchbase.com/person/bruno-abdelnur,,,"São Paulo, Sao Paulo, Brazil",Bruno Abdelnur is Founder & CEO at Rabisquedo.,,,,,,,,,,,"251,113"
Shuukichi Kuwata,https://www.crunchbase.com/person/shuukichi-kuwata,1,,,Shuukichi Kuwata - Executive Vice President and COO @ Uhuru,Individual/Angel,,1,,,,,,,,"251,077"
Kakiuchi Shingo,https://www.crunchbase.com/person/kakiuchi-shingo,,,"Tokyo, Tokyo, Japan",Kakiuchi Shingo - General Manager @ Nippon Venture Capital,Investment Partner,,,1,,,,,,,"251,055"
Justin Cobb,https://www.crunchbase.com/person/justin-cobb,,,,Justin Cobb is the Channel Sales Manager at Oakley. He attended Santa Monica College.,,,,,,,,,,,"251,056"
MD ANEES QAMAR,https://www.crunchbase.com/person/md-anees-qamar,,,"India, Asia","Journalist ! Photographer !! Social Political Activist With Principle Of Secularism, Equality, Humanity & Justice.",,,,,,,,,,,"251,110"
Pierre Brunschwig,https://www.crunchbase.com/person/pierre-brunschwig,,,,Pierre Brunschwig is the Co-owner of Brunschwig Group.,Investment Partner,,,1,,,,,,,"251,050"
Sepehr Sabah,https://www.crunchbase.com/person/sepehr-sabah,,,"Mashhad, Khorasan, Iran","Sepehr Sabah ( Born on July 20, 1997 in Mashhad ) is an Iranian Director and Actor After obtaining a diploma for 3 years at the Islamic Azad...",,,,,,,,,,,"251,116"
Paradises Island,https://www.crunchbase.com/person/paradises-island,,,"Woolloomooloo, New South Wales, Australia",Let Paradises show you the way and take you on a journey of relaxation or adventure as you experience some of the best and most unusual holi...,,,,,,,,,,,"251,104"
Ravi Kumar,https://www.crunchbase.com/person/ravi-kumar-ac88,,,,Ravi Kumar,,,,,,,,,,,"251,105"
Michael June,https://www.crunchbase.com/person/michael-june,1,,,Michael June,Individual/Angel,,1,,,,,,,,"251,064"
Nicolás Orellana,https://www.crunchbase.com/person/nicolás-orellana,1,,,Nicolás Orellana,Individual/Angel,,1,,,,,,,,"251,065"
Tomás Zavala,https://www.crunchbase.com/person/tomás-zavala,1,,,Tomás Zavala,Individual/Angel,,1,,,,,,,,"251,066"
Roy Steiner,https://www.crunchbase.com/person/roy-steiner-51a9,,,,Roy Steiner,Investment Partner,,,4,,,,,,,"251,095"
Hu Guan,https://www.crunchbase.com/person/hu-guan,1,,"China, Asia",Hu Guan,Individual/Angel,,1,,,,,,,,"251,099"
Somesh Bhatia,https://www.crunchbase.com/person/somesh-bhatia,1,,,Somesh Bhatia,Individual/Angel,,1,,,,,,,,"251,100"
George Nijborg,https://www.crunchbase.com/person/george-nijborg,,,,"George Nijborg, Aegon AM’s Head of Insured Credit and Trade Finance.",Investment Partner,,,1,,,,,,,"251,069"
Guillermo Alvarez,https://www.crunchbase.com/person/guillermo-alvarez-1099,1,,,Guillermo Alvarez,Individual/Angel,,1,,,,,,,,"251,070"
Akil Govind,https://www.crunchbase.com/person/akil-govind,,,"Coimbatore, Tamil Nadu, India",Akil Govind,,,,,,,,,,,"251,114"
Hanuman Chalisa,https://www.crunchbase.com/person/hanuman-chalisa,,,,"I am Blogger and hanuman chalisa is my blogging site, in this site you see most intrested fact about hanuman chalisa and hanuman mantra, han...",,,,,,,,,,,"251,115"
Clare MacKeigan,https://www.crunchbase.com/person/clare-mackeigan,,,,Clare MacKeigan,,,,,,,,,,,"251,094"
Masaki Mikami,https://www.crunchbase.com/person/masaki-mikami,,,,Masaki Mikami,,,,,,,,,,,"251,096"
Staffan Persson,https://www.crunchbase.com/person/staffan-persson-ab30,,,,Staffan Persson,Investment Partner,,,1,,,,,,,"251,085"
Renata Rebocho,https://www.crunchbase.com/person/renata-rebocho,,,"São José Dos Campos, Sao Paulo, Brazil",Renata Rebocho,,,,,,,,,,,"251,086"
Kris Ledel,https://www.crunchbase.com/person/kris-ledel-7d5f,,,,Kris Ledel is the founder of two tech scale-ups. He experienced both acquisition and failure. He is a Technology Evangelist. He is currently...,,,,,,,,,,,"251,070"
Shirlee Sharkey,https://www.crunchbase.com/person/shirlee-sharkey,,,,"Shirlee Sharkey is both a pioneer and a futurist. As a registered nurse and the longstanding CEO of SE Health, a social enterprise, she has ...",,,,,,,,,,,"251,088"
Mark Cardiff,https://www.crunchbase.com/person/mark-cardiff,,,,Mark Cardiff,Investment Partner,,,1,,,,,,,"251,080"
Ye Yint Aung,https://www.crunchbase.com/person/ye-yint-aung,,,"Myanmar, Asia","Creative, dedicated and self-motivated professional with over 10+ years of experience in Software Development and ICT industry with 3+ years...",,Private Equity,,,,,,,,,"251,081"
Melissa Tan,https://www.crunchbase.com/person/melissa-tan-2c30,1,,,Melissa Tan,Individual/Angel,,1,,,,,,,,"251,075"
John Mulflur,https://www.crunchbase.com/person/john-mulflur-3fff,,,"New York, New York, United States","John Mulflur, Principal at Permira.",Investment Partner,,,1,,,,,,,"251,087"
Ron Hupp,https://www.crunchbase.com/person/ron-hupp,1,,,Ron Hupp,Individual/Angel,Seed,1,,,,,,,,"251,073"
James Dunham,https://www.crunchbase.com/person/james-dunham-3,,,"New York, New York, United States",James Dunham,,,,,,,,,,,"251,074"
João Robson,https://www.crunchbase.com/person/joão-robson,,,,João Robson,,,,,,,,,,,"251,075"
Juan Abascal Heredero,https://www.crunchbase.com/person/juan-abascal-heredero,,,,Juan Abascal Heredero is currently Executive Director of Industrial Transformation and Circular Economy and member of the Executive Committe...,,,,0,,,,,,,"251,072"
Jaap Visser,https://www.crunchbase.com/person/jaap-visser,,,"Zwolle, Overijssel, The Netherlands",Jaap Visser - Founder @ Vidoze,,,,,,,,,,,"251,084"
Anton Petrov,https://www.crunchbase.com/person/anton-petrov-2,,,,Anton Petrov,,Seed,,,,,,,,,"251,090"
Cao Xia,https://www.crunchbase.com/person/cao-xia,,,,Cao Xia is the Managing Director of CPE Yuanfeng.,Investment Partner,,,1,,,,,,,"251,097"
sri putra,https://www.crunchbase.com/person/sri-putra,,,"Jakarta, Jakarta Raya, Indonesia",sri putra,,,,,,,,,,,"251,092"
Russell Goodway,https://www.crunchbase.com/person/russell-goodway,,,"Cardiff, United Kingdom, Europe",Russell Goodway,Investment Partner,,,1,,,,,,,"251,117"
Michael van Dusseldorp,https://www.crunchbase.com/person/michael-van-dusseldorp,,,,Michael van Dusseldorp,,,,,,,,,,,"251,107"
Kayla Sewell,https://www.crunchbase.com/person/kayla-sewell-9813,,,,Kayla Sewell is Director of School at The Cooper School.,,,,,,,,,,,"251,108"
Andrea Rivosecchi su Scopri di più Meccanico 3D,https://www.crunchbase.com/person/andrea-rivosecchi-su-scopri-di-più-meccanico-3d,,,"Ascoli Piceno, Marche, Italy","Well, this was the most annoying question for me when I was pursuing my engineering degree. Every time I ask someone, either my seniors or m...",,Early Stage Venture,,,,,,,,,"251,071"
Aamirkhan I. Pathan,https://www.crunchbase.com/person/aamirkhan-i-pathan,,,"Ahmedabad, Gujarat, India",Aamirkhan I. Pathan,,,,,,,,,,,"251,091"
Stuart Millington,https://www.crunchbase.com/person/stuart-millington,,,"Dudley, United Kingdom, Europe",Stuart Millington,,,,,,,,,,,"251,084"
Lorenzo Liguor,https://www.crunchbase.com/person/lorenzo-liguor,,,,"Lorenzo Liguori is the Co-founder, Product at  Sibill. Lorenzo Liguor attended at ThePowerMBA.",,,,,,,,,,,"251,128"
Brian Sage,https://www.crunchbase.com/person/brian-sage,,,"Centennial, Colorado, United States",Brian Sage Digital Transformation & Software CEO at Sage Digital.,,Seed,,,,,,,,,"251,142"
Vivek Saxena,https://www.crunchbase.com/person/vivek-saxena-ea86,,,"Gurgaon, Haryana, India",Vivek Saxena,,,,,,,,,,,"251,133"
David Hamblin,https://www.crunchbase.com/person/david-hamblin,,,,David Hamblin,Investment Partner,,,2,,,,,,,"251,134"
Derek Piunti,https://www.crunchbase.com/person/derek-piunti,,,,"As a member of the Management Services team, serving as Support Analyst, Derek is responsible for providing direct assistance to the Adams S...",,,,,,,,,,,"251,139"
Theodore Tzouros,https://www.crunchbase.com/person/theodore-tzouros,,,,"Theodore Tzouros, Executive General Manager, Chief Corporate & Investment Banking of Piraeus Bank.",Investment Partner,,,1,,,,,,,"251,145"
Gabriel Torres,https://www.crunchbase.com/person/gabriel-torres-7109,,,,Gabriel Torres,Investment Partner,,,1,,,,,,,"251,146"
Anup Yadav,https://www.crunchbase.com/person/anup-yadav-b5e2,,,"Gurgaon, Haryana, India",Anup Yadav,,,,,,,,,,,"251,140"
Nagarekawa Nobuto,https://www.crunchbase.com/person/nagarekawa-nobuto,,,,Nagarekawa Nobuto,,,,,,,,,,,"251,141"
Kevin Arvidson,https://www.crunchbase.com/person/kevin-arvidson,,,"Shenzhen, Guangdong, China",Kevin Arvidson,,Seed,,,,,,,,,"251,138"
Gary Donovitz,https://www.crunchbase.com/person/gary-donovitz,,,,Gary joined BioTE Medical as founder.,,,,,,,,,,,"251,150"
Jonathan Gordon,https://www.crunchbase.com/person/jonathan-gordon-73ff,,,"New York, New York, United States",Jonathan Gordon is a Senior Vice President of Innovation for CCA and Managing Director of Winter Street Ventures.,Investment Partner,,,1,,,,,,,"251,132"
Trine Loe,https://www.crunchbase.com/person/trine-loe,,,"Oslo, Oslo, Norway",Trine Loe is the Chair Of The Board Of Directors.,Investment Partner,,,1,,,,,,,"251,147"
Anthony Borquez,https://www.crunchbase.com/person/anthony-borquez-0a40,2,,,Anthony Borquez,Individual/Angel,,2,,,,,,,,"251,131"
clover montessori,https://www.crunchbase.com/person/clover-montessori-07e3,,,,clover montessori,,,,,,,,,,,"251,000"
King Ehiguese,https://www.crunchbase.com/person/king-ehiguese,,,"Port Harcourt, Rivers, Nigeria",King is a highly regarded Designer/Developer with a vast wealth of expertise in Computer Science. He is certified in Responsive Web Design b...,,,,,,,,,,,"251,127"
Alexey Wolfson,https://www.crunchbase.com/person/alexey-wolfson-fc77,,,,Alexey Wolfson,,,,,,,,,,,"251,144"
Ryan Goodbrand,https://www.crunchbase.com/person/ryan-goodbrand,,,"London, England, United Kingdom","Ryan Goodbrand joined Charterhouse in 2004.Prior to this he spent six years at Charterhouse Bank and five years at PricewaterhouseCoopers, w...",,,,,,,,,,,"251,149"
Robert Simmons,https://www.crunchbase.com/person/robert-simmons-5e30,,,,Robert Simmons,Investment Partner,,,1,,,,,,,"251,155"
David Laflamme,https://www.crunchbase.com/person/david-laflamme-ac75,,,"Quebec, Canada, North America","David Laflamme, P. Eng. is the Chief Technology Officer - Laflamme Aero Inc.",,,,,,,,,,,"251,135"
Quanling Zhang,https://www.crunchbase.com/person/quanling-zhang,2,,"China, Asia","Quanling Zhang has been serving as independent non-executive director of Shougang Concord International Enterprises since January 6, 2018. S...",Individual/Angel,,2,,,,,,,,"251,156"
Roshan Shastri,https://www.crunchbase.com/person/roshan-shastri,,,,Roshan Shastri,,,,,,,,,,,"251,148"
Laura Rous,https://www.crunchbase.com/person/laura-rous,,,"London, England, United Kingdom",Laura Rous,,,,,,,,,,,"251,139"
Daniel Hemmert J.D.,https://www.crunchbase.com/person/daniel-hemmert-j-d,,,"Salt Lake City, Utah, United States",Daniel Hemmert J.D. served as Managing Director and CFO at Dakota Pacific Real Estate Partners.,,,,,,,,,,,"251,153"
Kato Hiroaki,https://www.crunchbase.com/person/kato-hiroaki,,,"Tokyo, Japan, Asia",Kato Hiroaki,,,,,,,,,,,"251,136"
Amit Das,https://www.crunchbase.com/person/amit-das-dd2b,,,"Mumbai, Maharashtra, India",Amit Das,,,,,,,,,,,"251,143"
Tarun Gupta,https://www.crunchbase.com/person/tarun-gupta-798d,1,,"Bangalore, Karnataka, India","I’m the founder of HiKing Media Tech. Our team is running a walk & earn app: HiKing, which highly integrates fit-tech with shopping, motivat...",Individual/Angel,,1,,,,,,,,"251,154"
Steve Swaney,https://www.crunchbase.com/person/steve-swaney,,,,Steve Swaney,,,,,,,,,,,"251,155"
James Stubblefield,https://www.crunchbase.com/person/james-stubblefield-70d2,,,,James Stubblefield,,,,,,,,,,,"251,159"
Sunitaben Pujara,https://www.crunchbase.com/person/sunitaben-pujara,,,"Ahmedabad, Gujarat, India",Sunita is a kind hearted person and she is silent partner in CADBricks,,Private Equity,,,,,,,,,"251,157"
Kiarash Ravaghi Aval,https://www.crunchbase.com/person/kiarash-ravaghi-aval,,,,Kiarash Ravaghi Aval,,,,,,,,,,,"251,151"
Fermín Zelada,https://www.crunchbase.com/person/fermín-zelada,,,"Turkey, Europe",colaboración y estrategia en equipos internacionales y multidisciplinares.,,,,,,,,,,,"251,156"
Emile Karam,https://www.crunchbase.com/person/emile-karam-f2ee,,,"Chantilly, Virginia, United States",Emile Karam,,,,,,,,,,,"251,138"
Eduardo Gutierrez-Garcia,https://www.crunchbase.com/person/eduardo-gutierrez-garcia,,,"Cape Town, NA - South Africa, South Africa",Eduardo Gutierrez-Garcia,Investment Partner,,,1,,,,,,,"251,161"
Thomas Waldman,https://www.crunchbase.com/person/thomas-waldman,,,"San Diego, California, United States",Thomas Waldman is the Shareholder at Stradling Yocca Carlson & Rauth. Thomas Waldman attended Harvard University.,,,,,,,,,,,"251,161"
Valerie Beckett,https://www.crunchbase.com/person/valerie-beckett-9d84,,,"Arizona, United States, North America","Since 2016, Valerie has worked as the County Manager's Special Assistant. She has given her all to the important projects and goals set fort...",,,,,,,,,,,"251,061"
Junpei Yamashita,https://www.crunchbase.com/person/junpei-yamashita,,,"Tokyo, Tokyo, Japan",Mr. Junpei Yamashita serves as Associate of Z Venture Capital.,Investment Partner,,,1,,,,,,,"251,167"
Jose Henrique Medeiros Felipetto,https://www.crunchbase.com/person/jose-henrique-medeiros-felipetto,,,"Curitiba, Parana, Brazil",Jose Henrique Medeiros Felipetto,,,,,,,,,,,"251,168"
Alexandre Parpinelli,https://www.crunchbase.com/person/alexandre-parpinelli,,,"São Paulo, Sao Paulo, Brazil",Alexandre Parpinelli,,,,,,,,,,,"251,186"
Mikaël Le Gallo,https://www.crunchbase.com/person/mikaël-le-gallo,,,,Mikaël Le Gallo,,,,,,,,,,,"251,172"
Elmer de Vries,https://www.crunchbase.com/person/elmer-de-vries,,,"Amsterdam, Noord-Holland, The Netherlands",Elmer de Vries,,,,,,,,,,,"251,174"
Michael Matkins,https://www.crunchbase.com/person/michael-matkins,,,,Michael Matkins,,,,,,,,,,,"251,176"
Robin Whitehead,https://www.crunchbase.com/person/robin-whitehead,,,"Leicester, United Kingdom, Europe",Robin Whitehead,,,,,,,,,,,"251,187"
Bruce Lawrence,https://www.crunchbase.com/person/bruce-lawrence-b7fa,,,,Bruce Lawrence,Investment Partner,,,1,,,,,,,"251,177"
Jörgen Hallgren,https://www.crunchbase.com/person/jörgen-hallgren,,,,"Jörgen Hallgren, FBG Invest.",Investment Partner,,,1,,,,,,,"251,178"
Luciano Albuquerque,https://www.crunchbase.com/person/luciano-albuquerque,,,"Londrina, Parana, Brazil",Luciano Albuquerque,,,,,,,,,,,"251,164"
Uchechukwu Jude,https://www.crunchbase.com/person/edeh-uchechukwu,,,,Edeh Uchechukwu Jude,,,,,,,,,,,"251,185"
Davut Kohen,https://www.crunchbase.com/person/davut-kohen,1,,,Davut Kohen,Individual/Angel,,1,,,,,,,,"251,165"
Muhammad Yazdanie,https://www.crunchbase.com/person/muhammad-yazdanie,,,,Muhammad Yazdanie,,Early Stage Venture,,,,,,,,,"251,180"
Dave Butler,https://www.crunchbase.com/person/dave-butler-d45f,,,"Toronto, Ontario, Canada",Dave Butler is the Co-Founder of BM Select at. Dave Butler  attended University of Toronto - Rotman School of Management.,,,,,,,,,,,"251,182"
Nasar Ibrahim,https://www.crunchbase.com/person/nasar-ibrahim,,,"Kozhikode, Kerala, India",Nasar Ibrahim is an Indian Educational revivalist and Information scientist.,,Private Equity,,,,,,,,,"251,174"
Maria T. Scherer,https://www.crunchbase.com/person/maria-t-scherer,,,,"Ms. Scherer currently serves as Vice President and Assistant Secretary of ACRE and may from time to time serve as an officer, director or pr...",,,,,,,,,,,"251,183"
Lokanada Reddy,https://www.crunchbase.com/person/lokanada-reddy,,,"Bengaluru, Karnataka, India",Lokanada Reddy,,,,,,,,,,,"251,162"
Nicole Dominguez,https://www.crunchbase.com/person/nicole-dominguez,,,"Newyork, Argyll and Bute, United Kingdom",Nicole Dominguez - Developer @ Dtime,,,,,,,,,,,"251,169"
Bertrand Gros,https://www.crunchbase.com/person/bertrand-gros,,,,Bertrand Gros,,,,,,,,,,,"251,182"
Larry Overton,https://www.crunchbase.com/person/larry-overton-991d,,,,Larry Overton founded Larry J. Overton and Associates in September of 1984. Overton and Associates is a full service lobbying and consulting...,,,,,,,,,,,"251,158"
Nickolas Nesland,https://www.crunchbase.com/person/nickolas-nesland,,,"Auburn, Washington, United States",Nickolas Nesland,,,,,,,,,,,"251,188"
Javier Jiménez Marco,https://www.crunchbase.com/person/javier-jim-nez-marco,,,"Valencia, Comunidad Valenciana, Spain",Javier Jiménez Marco is  Managing Director  at Lanzadera.,Investment Partner,,,1,,,,,,,"251,170"
Adamo Gomes,https://www.crunchbase.com/person/adamo-gomes,,,,Adamo Gomes,,,,,,,,,,,"251,191"
Antonio Sinicropi,https://www.crunchbase.com/person/antonio-sinicropi,,,,Antonio Sinicropi,,,,,,,,,,,"251,171"
Luke Tripodi,https://www.crunchbase.com/person/luke-tripodi-8fa9,,,,Luke Tripodi,Investment Partner,,,1,,,,,,,"251,167"
Azhar Hussain,https://www.crunchbase.com/person/azhar-hussain-8946,1,,"London, England, United Kingdom",Azhar Hussain,Individual/Angel,,1,,,,,,,,"251,166"
John Wheeler,https://www.crunchbase.com/person/john-wheeler-df00,,,,John Wheeler,,,,,,,,,,,"251,159"
Virginia Sanchez Muñoz,https://www.crunchbase.com/person/virginia-sanchez-munoz,,,"Valencia, Comunidad Valenciana, Spain",Virginia Sanchez Muñoz,,,,,,,,,,,"251,160"
Lisa Iltis,https://www.crunchbase.com/person/lisa-iltis,,,,Lisa Iltis,,,,,,,,,,,"251,163"
Chen Yanbo,https://www.crunchbase.com/person/chen-yanbo,,,,Chen Yanbo is the head of Sinovac Technology Investment.,Investment Partner,,,1,,,,,,,"251,189"
Harry Park,https://www.crunchbase.com/person/harry-park,,,"San Francisco Bay Area, California, United States",Harry Park,,"Early Stage Venture, Late Stage Venture",,,,,,,,,"251,173"
Gabriel Vieira,https://www.crunchbase.com/person/gabriel-vieira-1bad,,,"São Paulo, Sao Paulo, Brazil","Bachelor’s in economics from São Paulo School of Economics - FGV. Before joining A5, Gabriel has worked in a couple of renowned Brazilian in...",,,,,,,,,,,"251,178"
Vosik Shamsiev,https://www.crunchbase.com/person/vosik-shamsiev,,,"Toronto, Ontario, Canada",Vosik Shamsiev,,,,,,,,,,,"251,179"
Vladimir Ashurkov,https://www.crunchbase.com/person/vladimir-ashurkov,1,,,Vladimir Ashurkov,Individual/Angel,Seed,1,,,,,,,,"251,172"
Yoshihiko Kinoshita,https://www.crunchbase.com/person/yoshihiko-kinoshita-fb7a,,,,Yoshihiko Kinoshita joined Mugenup as Founder.,Investment Partner,,,1,,,,,,,"251,190"
Dot Simple,https://www.crunchbase.com/person/dot-simple-ced4,,,,"Access all the content creation tools you'll ever require, united within one comprehensive solution. AI generates your text, .simple designs...",,,,,,,,,,,"251,216"
Chad Taylor,https://www.crunchbase.com/person/chad-taylor-3,,,, Founder  at United Fiber & Data ,,,,,,,,,,,"251,207"
Hemanth Kavuluru,https://www.crunchbase.com/person/hemanth-kavuluru-1ab4,1,,,Hemanth Kavuluru,Individual/Angel,,1,,,,,,,,"251,199"
Kelvin Yu,https://www.crunchbase.com/person/kelvin-yu-1f91,,,,"Kelvin Yu, senior managing director, Teachers’ Venture Growth",Investment Partner,,,1,,,,,,,"251,200"
Bob Alliston,https://www.crunchbase.com/person/bob-alliston,,,"Thunder Bay, Ontario, Canada",Bob Alliston,,,,,,,,,,,"251,204"
Hervé Piedvache,https://www.crunchbase.com/person/herv-piedvache,,,"Paris, Ile-de-France, France","Hervé is passionate about technology and has spent the past 24 years developing software solutions, web services and mobile apps for the mos...",,,,,,,,,,,"251,198"
Johan Botterman,https://www.crunchbase.com/person/johan-botterman,,,,Johan Botterman,Investment Partner,,,1,,,,,,,"251,199"
Tracy MacMillan,https://www.crunchbase.com/person/tracy-macmillan,,,"St. Petersburg, Florida, United States",Tracy MacMillan,,,,,,,,,,,"251,218"
Wim De Vylder,https://www.crunchbase.com/person/wim-de-vylder,,,,"Wim is an accomplished management consultant with excellent business acumen and specialist skills in strategy, governance, corporate finance...",,,,,,,,,,,"251,214"
0x Ashish,https://www.crunchbase.com/person/0x-ashish,1,,,0x Ashish,Individual/Angel,,1,,,,,,,,"251,195"
Philippe BILLIALD,https://www.crunchbase.com/person/philippe-billiald,,,"Paris, Ile-de-France, France",Philippe BILLIALD - Scientific Advisor @ Acticor Biotech,,,,,,,,,,,"251,196"
Oscar Pap,https://www.crunchbase.com/person/oscar-pap,,,,Oscar Pap,,,,,,,,,,,"251,194"
Armen Kherlopian,https://www.crunchbase.com/person/armen-kherlopian-607a,1,,,Armen Kherlopian,Individual/Angel,,1,,,1,,,,,"251,193"
John Trang,https://www.crunchbase.com/person/john-trang-d365,,,,"John Trang, Partner at PCP.",Investment Partner,,,1,,,,,,,"251,214"
Yingli Hong,https://www.crunchbase.com/person/yingli-hong,,,,Yingli Hong,,,,,,,,,,,"251,211"
Andrea Carboni,https://www.crunchbase.com/person/andrea-carboni,,,,Andrea Carboni,,,,,,,,,,,"251,225"
Jack Hartfelder,https://www.crunchbase.com/person/jack-hartfelder,,,"New York, New York, United States","Jack Hartfelder is a Vice President and Director based in New York, having joined VSS in 2001. Mr. Hartfelder’s primary responsibilities inc...",,,,,,,,,,,"251,192"
Farrell Tyson,https://www.crunchbase.com/person/farrell-tyson,,,,Farrell Tyson,Investment Partner,,,1,,,,,,,"251,197"
Mohammed Siam,https://www.crunchbase.com/person/mohammed-siam,,,,Mohammed Siam,,,,,,,,,,,"251,213"
J. Martial,https://www.crunchbase.com/person/j-martial,,,,J. Martial,,,,,,,,,,,"251,217"
Claire McGowan,https://www.crunchbase.com/person/claire-mcgowan,,,"Canterbury, New Zealand, Oceania",Claire McGowan,,,,,,,,,,,"251,205"
Barry Bowden,https://www.crunchbase.com/person/barry-bowden,,,,Barry Bowden,Investment Partner,,,1,,,,,,,"251,203"
Matthew Bingham,https://www.crunchbase.com/person/matthew-bingham-293f,,,"France, Europe",Matthew Bingham,,,,,,,,,,,"251,215"
PTE UNI,https://www.crunchbase.com/person/pte-uni,,,,PTE UNI,,,,,,,,,,,"251,200"
Greg Wempe,https://www.crunchbase.com/person/greg-wempe,,,"Austin, Texas, United States",Greg Wempe,,,,,,,,,,,"251,208"
Philip Abdon,https://www.crunchbase.com/person/philip-abdon,2,,,Philip Abdon,Individual/Angel,,1,,,,,,,,"251,209"
Lee Spencer,https://www.crunchbase.com/person/lee-spencer,,,"Hemel Hempstead, Hertford, United Kingdom",Lee Spencer,,,,,,,,,,,"251,201"
Alan Pilgrim,https://www.crunchbase.com/person/alan-pilgrim,,,,"Alan is currently Chairman of Synexus, with over 30 years’ experience focusing on international pharmaceutical and healthcare services. He h...",,,,,,,,,,,"251,203"
Liu Zhong,https://www.crunchbase.com/person/liu-zhong-39ee,,,,Liu Zhong,Investment Partner,,,1,,,,,,,"251,218"
Francesc Casabella,https://www.crunchbase.com/person/francesc-casabella,,,"Barcelona, Catalonia, Spain",Francesc Casabella,Investment Partner,,,1,,,,,,,"251,220"
Carlos Alberto Dias,https://www.crunchbase.com/person/carlos-alberto-dias,,,"São Paulo, Sao Paulo, Brazil",Carlos Alberto Dias,,,,,,,,,,,"251,229"
Prince Fahim,https://www.crunchbase.com/person/prince-fahim,,,,Musician,,,,,,,,,,,"251,221"
Nana Shin,https://www.crunchbase.com/person/nana-shin,1,1,,Nana Shin,Individual/Angel,Seed,1,,,1,1,,,,"251,243"
Nchila Mokoena,https://www.crunchbase.com/person/nchila-mokoena,,,"Johannesburg, NA - South Africa, South Africa",Nchila Mokoena is the CEO of Budgie SA.,,,,,,,,,,,"251,238"
Anders Nyström,https://www.crunchbase.com/person/anders-nyström,,,,Anders Nyström,Investment Partner,,,1,,,,,,,"251,245"
John Christofilos,https://www.crunchbase.com/person/john-christofilos-5a70,,,"Toronto, Ontario, Canada",John Christofilos,,,,,,,,,,,"251,229"
Darren Marshall,https://www.crunchbase.com/person/darren-marshall-a46b,,,"United States, North America","Darren is an entrepreneurial CEO, driven to deliver transformational growth. He crafts extraordinary brands, products and experiences, and d...",,,,,,,,,,,"251,230"
Scott McLallen,https://www.crunchbase.com/person/scott-mclallen,,,"New York, New York, United States",Managing Director at Leeds Weld & Co.,,,,,,,,,,,"251,232"
David Chermont,https://www.crunchbase.com/person/david-chermont,,,"London, England, United Kingdom","David Chermont, CEO & Founder of Inbound Capital.",Investment Partner,,,1,,,,,,,"251,222"
Roman Melinaidre,https://www.crunchbase.com/person/roman-melinaidre,,,"Paris, Ile-de-France, France",Roman Melinaidre - Investment Director @ InfraVia Capital Partners,,,,,,,,,,,"251,223"
Purushotham Kudva,https://www.crunchbase.com/person/purushotham-kudva,,,"Bengaluru, Karnataka, India",Purushotham Kudva,,,,,,,,,,,"251,260"
Guy Sela,https://www.crunchbase.com/person/guy-sela-b28b,,,,Guy Sela is the Founder and CEO of SMART Fertilizer Management.,,,,,,,,,,,"251,239"
Glenn Beyerl,https://www.crunchbase.com/person/glenn-beyerl,1,,,Glenn Beyerl,Individual/Angel,,1,,,,,,,,"251,225"
Sejal Shah,https://www.crunchbase.com/person/sejal-shah,,,,"Sejal provides support for separate account and commingled fund transactions, assists in cash and asset reconciliation activities and manage...",,,,,,,,,,,"251,227"
Cill Skabo,https://www.crunchbase.com/person/cill-skabo-38b6,,,"Dickinson, North Dakota, United States",Cill Skabo is the Chief Marketing Officer at Bravera Bank.,,,,,,,,,,,"251,228"
Janak Kansal,https://www.crunchbase.com/person/janak-kansal-33db,,,,Janak Kansal,,,,,,,,,,,"251,247"
Samuel Haines,https://www.crunchbase.com/person/samuel-haines,,,"London, England, United Kingdom",Samuel Haines is the Account Manager at Clarilis,,,,,,,,,,,"251,255"
Linda Cowan,https://www.crunchbase.com/person/linda-cowan-a187,,,,Linda Cowan,Investment Partner,,,1,,,,,,,"251,242"
Kumar Patel,https://www.crunchbase.com/person/kumar-patel,,,"San Francisco, California, United States",I specialize in building fault tolerant distributed systems that scale across organizations and for end customers. My key strengths include ...,,,,,,,,,,,"251,233"
Ethan Auslander,https://www.crunchbase.com/person/ethan-auslander,1,,,Ethan Auslander,Individual/Angel,,1,,,1,,,,,"251,237"
Todd Bracher,https://www.crunchbase.com/person/todd-bracher,,,"New York, New York, United States",Todd Bracher is a visionary Industrial Designer and Advisor.  His studio guides some of the world’s leading brands to realize strategic dif...,,,,,,,,,,,"251,256"
Péter Balázsik,https://www.crunchbase.com/person/péter-balázsik,,,"Hungary, Europe",Péter Balázsik - Co-Founder & Chairman of the Board @ Talentuno,,,,,,,,,,,"251,248"
Miss A Fallon,https://www.crunchbase.com/person/miss-a-fallon,,,,Miss A Fallon,,,,,,,,,,,"251,249"
Russel Marvin,https://www.crunchbase.com/person/russel-marvin,,,"Potsdam, New York, United States",Russel Marvin,,,,,,,,,,,"251,250"
James Kimmel,https://www.crunchbase.com/person/james-kimmel,1,1,"Seattle, Washington, United States",James Kimmel,Individual/Angel,Seed,1,,,,1,,,,"251,246"
Tsubota Tomo,https://www.crunchbase.com/person/tsubota-tomo,2,,,"He is responsible for launching many new businesses such as livedoor, DeNA, and design organizations that specialize in UIUX design area. La...",Individual/Angel,,2,,,,,,,,"251,243"
Angus McMillian,https://www.crunchbase.com/person/angus-mcmillian,1,,,Angus McMillian,Individual/Angel,Seed,1,,,,,,,,"251,241"
Dr. Sue Raftery,https://www.crunchbase.com/person/dr-sue-raftery,,,"Cleveland, Ohio, United States",Dr. Sue Raftery,,,,,,,,,,,"251,234"
Naveen Raju,https://www.crunchbase.com/person/naveen-raju-2ec5,1,,,Naveen Raju,Individual/Angel,,1,,,,,,,,"251,252"
Tomáš Vala,https://www.crunchbase.com/person/tomáš-vala,,,,Tomáš Vala,,,,,,,,,,,"251,254"
Doug Petillo,https://www.crunchbase.com/person/doug-petillo,,,"Philadelphia, Pennsylvania, United States",Doug Petillo - Board Member @ TrueCommerce,Investment Partner,,,2,,,,,,,"251,256"
Sujuan Ba,https://www.crunchbase.com/person/sujuan-ba-bc30,,,,Sujuan Ba,Investment Partner,,,1,,,,,,,"251,257"
Bryan Wu,https://www.crunchbase.com/person/bryan-wu-2,,,"Taipei, T'ai-pei, Taiwan",Bryan Wu,,,,,,,,,,,"251,263"
Marcus Cornaro,https://www.crunchbase.com/person/marcus-cornaro,,,,Marcus Cornaro,Investment Partner,,,1,,,,,,,"251,266"
Liu Mou,https://www.crunchbase.com/person/liu-mou,1,,,Liu Mou,Individual/Angel,,1,,1,,,,,,"251,272"
Hyundai Ngoi sao,https://www.crunchbase.com/person/hyundai-ngoi-sao,,,"Vietnam, Asia",Hyundai Ngoi sao,,"Crowdfunding, Early Stage Venture, Post-Ipo, Private Equity",,,,,,,,,"251,267"
Laura Cical,https://www.crunchbase.com/person/laura-cical,,,,Laura Cical,,Seed,,,,,,,,,"251,268"
Chris Crosby,https://www.crunchbase.com/person/chris-crosby-283e,,,"London, England, United Kingdom",Chris Crosby,,,,,,,,,,,"251,265"
Pierre-Jeremy Gardiner,https://www.crunchbase.com/person/pierre-jeremy-gardiner,,,"Marseille, Provence-Alpes-Cote d'Azur, France",Pierre-Jeremy Gardiner is the Gladskin Country Manager France of MICREOS. He was a Co-Founder at Rendezvouscheznous.com. He attended X-HEC E...,,,,,,,,,,,"251,266"
Công Ty Xây Dựng Cửu Long CLC Công Ty Xây Dựng Cửu Long CLC,https://www.crunchbase.com/person/công-ty-xây-dựng-cửu-long-clc-công-ty-xây-dựng-cửu-long-clc,,,"Vietnam, Asia",Xây Dựng Cửu Long CLC (CuuLongCons - CLC) là công ty thiết kế xây dựng uy tín tại TPHCM và các tỉnh phía nam. Chúng tôi chuyên cung cấp các ...,,Venture,,,,,,,,,"251,261"
Spencer Hyatt,https://www.crunchbase.com/person/spencer-hyatt,,,"Jacksonville, Florida, United States","As Vice President of Development at Signet Development out of the Jacksonville, Florida office, Mr. Hyatt is responsible for managing acquis...",,,,,,,,,,,"251,275"
Muhammad Asadujjaman Abir,https://www.crunchbase.com/person/asad-chowdhury-abir,,,"Dinajpur, Rajshahi, Bangladesh",Muhammad Asadujjaman Abir is the Content Writer at DBL Group.,,,,,,,,,,,"251,276"
Salina Kassamali,https://www.crunchbase.com/person/salina-kassamali-1315,,,"Calgary, Alberta, Canada",Salina Kassamali,,,,,,,,,,,"251,274"
Pavel Alimov,https://www.crunchbase.com/person/pavel-alimov,,,"Russia, Ohio, United States",Pavel Alimov,,,,,,,,,,,"251,270"
Vivek Mohanani,https://www.crunchbase.com/person/vivek-mohanani,,,"Mumbai, Maharashtra, India",Vivek Mohanani,,,,,,,,,,,"251,270"
Howard Dahl,https://www.crunchbase.com/person/howard-dahl,1,,,Howard Dahl,Individual/Angel,,1,,,1,,,,,"251,271"
Nick Reuter,https://www.crunchbase.com/person/nicholas-reuter,,,"Bradenton, Florida, United States",Nick Reuter,,,,,,,,,,,"251,262"
Howard White,https://www.crunchbase.com/person/howard-white-b005,,,"Gibsons, British Columbia, Canada",Howard White,,,,,,,,,,,"251,263"
Robert Sena,https://www.crunchbase.com/person/robert-sena,,,"São Paulo, Sao Paulo, Brazil",Robert Sena,,,,,,,,,,,"251,278"
Pille Harrison,https://www.crunchbase.com/person/pille-harrison-f2d0,,,"United Kingdom, Europe",Pille Harrison,,,,,,,,,,,"251,269"
John H. Mason,https://www.crunchbase.com/person/john-h-mason,,,"Minneapolis, Minnesota, United States","John Mason is the Co-Founder, Investment Committee Member of Convergent Capital. He attended Concordia College, Moorhead MN.",,,,,,,,,,,"251,275"
Israel Ramirez,https://www.crunchbase.com/person/israel-ramirez,,,,Israel Ramirez,,,,,,,,,,,"251,264"
Ian McCaig,https://www.crunchbase.com/person/ian-mccaig-7351,1,,,Ian McCaig is the CEO of lastminute.com.,Individual/Angel,,1,,,,,,,,"251,260"
Marnix Hoebert,https://www.crunchbase.com/person/marnix-hoebert,,,"Netherlands, Missouri, United States",Marnix Hoebert,,,,,,,,,,,"251,279"
Bob Trotta,https://www.crunchbase.com/person/bob-trotta,,,,Bob Trotta,,,,,,,,,,,"251,279"
Nguyễn Trọng Công,https://www.crunchbase.com/person/nguyễn-trọng-công,,,,Nguyễn Trọng Công,,,,,,,,,,,"251,280"
Qu Long,https://www.crunchbase.com/person/qu-long,,,,Qu Long is the head of the investment medical team of China Merchants Securities.,Investment Partner,,,1,,,,,,,"251,281"
Diego Ramos Rodriguez,https://www.crunchbase.com/person/diego-ramos,,,"Basel, Basel-Stadt, Switzerland","Senior Director, Head of Group Accounting & Reporting at VectivBio AG",,,,,,,,,,,"251,282"
PERCAYA4D PERCAYA4D,https://www.crunchbase.com/person/percaya4d-percaya4d,,,"Indonesia, Asia",PERCAYA4D PERCAYA4D,,Venture,,,,,,,,,"251,288"
Youssef Chreiba,https://www.crunchbase.com/person/youssef-chreiba,,,"Mohammedia, Grand Casablanca, Morocco","Youssef Chreiba,  is the Director • Ceo  Of CBNSM • Born in Sep 1995",,,,,,,,,,,"251,286"
Loïc Alliez,https://www.crunchbase.com/person/loïc-alliez,,,,Loïc Alliez,,Seed,,,,,,,,,"251,287"
Daniel Ong,https://www.crunchbase.com/person/daniel-ong-4976,1,,,"Daniel Ong, CTO, Care",Individual/Angel,,1,,,,,,,,"251,284"
Jack Massari,https://www.crunchbase.com/person/jack-massari,,,,Jack Massari,,,,,,,,,,,"251,307"
Ronald Beach,https://www.crunchbase.com/person/ronald-beach,,,"Sterling, Virginia, United States",Ronald Beach,,,,,,,,,,,"251,296"
Garrett Fennelly,https://www.crunchbase.com/person/garrett-fennelly,,,,Garrett Fennelly,,,,,,,,,,,"251,302"
Vicente Boluda Marí,https://www.crunchbase.com/person/vicente-boluda-marí,,,,Vicente Boluda Marí,,,,,,,,,,,"251,283"
Ruth Kieran,https://www.crunchbase.com/person/ruth-kieran,,,"London, England, United Kingdom",Ruth Kieran is the Chief Executive Officer at Cirkle. Ruth attended The University of Manchester.,,,,,,,,,,,"251,285"
Numerous Confidential Sources,https://www.crunchbase.com/person/confidential-2ecc,2,,,Numerous Confidential Sources,Individual/Angel,Seed,2,,1,,,,,,"251,298"
Eko Mulyono,https://www.crunchbase.com/person/eko-mulyono,1,,,Eko Mulyono,Individual/Angel,,1,,,,,,,,"251,299"
David Crescenzi,https://www.crunchbase.com/person/david-crescenzi-bd96,,,"New York, New York, United States","David Crescenzi, Managing Director at MidCap Financial in Alliance with Apollo Management LLC.",Investment Partner,,,1,,,,,,,"251,292"
Zhiwei Lu,https://www.crunchbase.com/person/zhiwei-lu,1,,"China, Asia",Zhiwei Lu,Individual/Angel,,1,,,,,,,,"251,293"
Jim Mathews,https://www.crunchbase.com/person/jim-mathews-bb3e,,,,Jim Mathews,,,,,,,,,,,"251,294"
Atul Tiwari,https://www.crunchbase.com/person/atul-tiwari,,,"Toronto, Ontario, Canada",Atul Tiwari is a Board of Trustees at Royal Ontario Museum Foundation.,,,,,,,,,,,"251,300"
Lav Chaturvedi,https://www.crunchbase.com/person/lav-chaturvedi,1,,,Lav Chaturvedi,Individual/Angel,,1,,,,,,,,"251,289"
Ayisha Fareed,https://www.crunchbase.com/person/ayisha-fareed,1,,,Ayisha Fareed,Individual/Angel,,1,,1,,,,,,"251,303"
Maksim Kolysh,https://www.crunchbase.com/person/maksim-kolysh,1,,,Maksim Kolysh,Individual/Angel,,1,,,,,,,,"251,308"
Rudolph A. Galera,https://www.crunchbase.com/person/rudolph-a-galera-galera,,,"San Francisco Bay Area, California, United States",Rudolph A. Galera - COO & Partner @ VII Peaks Capital,,,,,,,,,,,"251,348"
Maria Antónia Saldanha,https://www.crunchbase.com/person/maria-antónia-saldanha,,,"Lisboa, Lisboa, Portugal",Maria Antónia Saldanha,,,,,,,,,,,"251,295"
Aarsha Rajan,https://www.crunchbase.com/person/aarsha-rajan,,,"Bengaluru, Karnataka, India",Aarsha Rajan,,,,,,,,,,,"251,305"
Ezequiel Pietracupa,https://www.crunchbase.com/person/ezequiel-pietracupa,,,"Buenos Aires, Distrito Federal, Argentina","Ezequiel Pietracupa has a degree in Agribusiness Administration, Director in Digital Marketing and Project Manager.  Co-Founder of AgroFind...",,,,,,,,,,,"251,306"
Tom Phelps,https://www.crunchbase.com/person/tom-phelps,,,,"President, has been in the telecommunications industry for over 40 years. Tom has planned, implemented and managed many telecommunications p...",,,,,,,,,,,"251,297"
Suwida Kingmuangkow,https://www.crunchbase.com/person/suwida-kingmuangkow,,,"Bangkok, Krung Thep, Thailand",Suwida Kingmuangkow - Partner @ Expara IDM Ventures,,,,,,,,,,,"251,291"
Kenny Lee,https://www.crunchbase.com/person/kenny-lee-6a5b,,,"Guangzhou, Guangdong, China",Kenny Lee,,,,,,,,,,,"251,337"
Ai Yang,https://www.crunchbase.com/person/ai-yang-ai-yang,,,,"Ai Yang is partner at Zhongke Advanced Technology,",Investment Partner,,,1,,,,,,,"251,309"
Roland Emmans,https://www.crunchbase.com/person/roland-emmans,,,,Roland Emmans,Investment Partner,,,2,,,,,,,"251,310"
Ye Delin,https://www.crunchbase.com/person/ye-delin,,,,Ye Delin is the founder and chairman of New Pearl Group.,,,,,,,,,,,"251,311"
"Tiến sĩ, Bác sĩ CKII Hoàng Lương",https://www.crunchbase.com/person/tiến-sĩ-bác-sĩ-ckii-hoàng-lương,,,"Vietnam, Asia","Tiến sĩ, Bác sĩ CKII Hoàng Lương là một chuyên gia chăm sóc sức khỏe có nhiều kinh nghiệm và tâm huyết với ngành y tế. Ông hiện đang là Phó ...",,,,,,,,,,,"251,312"
להט ברק,https://www.crunchbase.com/person/להט-ברק-9c64,,,"Israel, Asia",ברק להט מאמן אישי,,,,,,,,,,,"251,313"
Joshua Gould,https://www.crunchbase.com/person/joshua-gould-5fc2,,,,Joshua Gould,,,,,,,,,,,"251,347"
Kazayuki Usui,https://www.crunchbase.com/person/kazayuki-usui,,,,Kazayuki Usui,,,,,,,,,,,"251,321"
Till Knorr,https://www.crunchbase.com/person/till-knorr,1,1,,Till Knorr,Individual/Angel,,1,,,,1,,,,"251,327"
Diane Brouilliard,https://www.crunchbase.com/person/diane-brouilliard,,,"Austin, Texas, United States",Diane Brouilliard Head of Talent and Networks at Sante Ventures. Diane holds a bachelor of science degree in human organizational developme...,Investment Partner,,,2,,,,,,,"251,329"
Filipe Aguiar,https://www.crunchbase.com/person/filipe-aguiar,,,"Lisboa, Lisboa, Portugal","Filipe obtained an Applied Chemistry, Biotechnology Degree in 2003 from the Faculdade de Ciências e Tecnologia, Universidade Nova de Lisboa,...",,,,,,,,,,,"251,331"
Niko Slavnic,https://www.crunchbase.com/person/niko-slavnic,,,"Ljubljana, Ljubljana Urban Commune, Slovenia","Serial Entrepreneur, Angel Investor, Growth Expert",,,,,,,,,,,"251,317"
Nicholas Day,https://www.crunchbase.com/person/nicholas-day,,,,Nicholas Day,,,,,,,,,,,"251,377"
Fortune Sohn,https://www.crunchbase.com/person/fortune-sohn,,,"Seoul, Seoul-t'ukpyolsi, South Korea",Fortune Sohn - Investment Manager @ Stonebridge Capital,Investment Partner,,,1,,,,,,,"251,336"
Annie McDougall Watson,https://www.crunchbase.com/person/annie-mcdougall-watson,,,"Bilbao, Pais Vasco, Spain",Annie McDougall Watson,,,,,,,,,,,"251,340"
João Ribeiro,https://www.crunchbase.com/person/joão-ribeiro,,,"São Paulo, Sao Paulo, Brazil",João Ribeiro,,,,,,,,,,,"251,378"
Xiaofei Tao,https://www.crunchbase.com/person/xiaofei-tao,,,,Xiaofei Tao the founding partner of Invent Investment.,Investment Partner,,,1,,,,,,,"251,318"
Phan Duc Tu,https://www.crunchbase.com/person/phan-duc-tu,,,,Phan Duc Tu,,,,,,,,,,,"251,330"
Randall Fojtasek,https://www.crunchbase.com/person/randall-fojtasek,,,,Randall Fojtasek is a CEO and a Managing Partner of CenterOak.,Investment Partner,,,1,,,,,,,"251,323"
Alan Breugem,https://www.crunchbase.com/person/alan-breugem,,,"Windsor, Ontario, Canada",Founder and Developer ToolsLite,,,,,,,,,,,"251,328"
Alexander Kozan,https://www.crunchbase.com/person/alexander-kozan,,,,Alexander Kozan,,,,,,,,,,,"251,316"
ali reza,https://www.crunchbase.com/person/mohammadmoein-pisodeh,,,"Urmia, Azarbayjan-e Bakhtari, Iran","A chess prodigy, Firouzja won the Iranian Chess Championship at age 12 and earned the Grandmaster title at 14. At 16, Firouzja became the se...",,,,,,,,,,,"251,343"
Farzad Mohamadi,https://www.crunchbase.com/person/farzad-mohamadi,,,,Farzad Mohamadi,,,,,,,,,,,"251,320"
Jason Chia,https://www.crunchbase.com/person/jason-chia,,,"London, England, United Kingdom",Jason Chia,,,,,,,,,,,"251,333"
Remender Chile,https://www.crunchbase.com/person/remender-chile,,,,Soluciones a tu alcance en un mundo lleno de problemas. Remender es una herramienta gratuita que facilita la vida de los consumidores en Chi...,,Venture,,,,,,,,,"251,337"
Ron Seelig,https://www.crunchbase.com/person/ron-seelig,,,"Kingsthorpe, Northamptonshire, United Kingdom",Ron Seelig,,,,,,,,,,,"251,314"
Michael Lalor,https://www.crunchbase.com/person/michael-lalor,,,,Michael Lalor,Investment Partner,,,1,,,,,,,"251,325"
Shuzo Yoshii,https://www.crunchbase.com/person/shuzo-yoshii,1,,"Tottori, Tottori, Japan",Shuzo Yoshii,Individual/Angel,,1,,,,,,,,"251,334"
Franck Portais,https://www.crunchbase.com/person/franck-portais-4311,,,"Paris, Ile-de-France, France",Franck Portais is a Managing Partner at ALANTRA .,Investment Partner,,,1,,,,,,,"251,335"
Michael Gera,https://www.crunchbase.com/person/dr-michael-gera,,,"London, England, United Kingdom",Michael Gera,,,,,,,,,,,"251,315"
Tan Sri Datuk Ling,https://www.crunchbase.com/person/tan-sri-datuk-ling,,,,Tan Sri Datuk Ling is the Founder and Chairman at Sarawak Oil Palms.,,,,,,,,,,,"251,225"
Ludovico Maggiore,https://www.crunchbase.com/person/ludovico-maggiore,1,,,Ludovico Maggiore,Individual/Angel,Seed,1,,,,,,,,"251,326"
Hitomi Suzuki,https://www.crunchbase.com/person/hitomi-suzuki,,,,Contribute to maximizing Artisto's non-musical income through avex. Leading the development of Contents for women as a launching member of t...,,,,,,,,,,,"251,368"
Christopher Hash,https://www.crunchbase.com/person/christopher-hash,,,,GIENC President & CEO Christopher Hash.,Investment Partner,,,1,,,,,,,"251,341"
Elizabeth Burgess,https://www.crunchbase.com/person/elizabeth-burgess,,,"New York, New York, United States","Elizabeth Burgess is a Partner and Head of the Bridges U.S. Sustainable Growth Fund, where she leads on fund strategy, origination, investme...",,,,,,,,,,,"251,246"
Brian Auld,https://www.crunchbase.com/person/brian-auld-7d95,,,,Brian Auld,Investment Partner,,,1,,,,,,,"251,366"
Zeke Shore,https://www.crunchbase.com/person/zeke-shore,,,"Brooklyn, New York, United States",Zeke Shore,,,,,,,,,,,"251,342"
Nguyễn Tiến Dũng,https://www.crunchbase.com/person/nguyễn-tiến-dũng,,,"Hanoi, NA - Vietnam, Vietnam",Bác sĩ Nguyễn Tiến Dũng là một trong những gương mặt tiêu biểu ở lĩnh vực Nhi khoa. Hiện đang là tác giả cho blog https://bacsidung.webflow....,,,,,,,,,,,"251,367"
Harvinder Pal Singh,https://www.crunchbase.com/person/harvinder-pal-singh,,,,Harvinder Pal Singh,,,,,,,,,,,"251,344"
Zaheer Ahmed,https://www.crunchbase.com/person/zaheer-ahmed,,,"United Kingdom, Europe",Zaheer Ahmed,,,,,,,,,,,"251,343"
Liu Jieqiong,https://www.crunchbase.com/person/liu-jieqiong,,,,Liu Jieqiong is the Managing Director of Hankang Capital.,Investment Partner,,,1,,,,,,,"251,345"
Thomas Carrier,https://www.crunchbase.com/person/thomas-carrier,,,"Princeton, New Jersey, United States",Thomas Carrier,,,,,,,,,,,"251,354"
Joe Troy,https://www.crunchbase.com/person/joe-troy,,,,"With over 20 years of Sales & Marketing experience, Joe Troy is a Senior Partner at 335 Ventures LLC. Joe started his career in the printer ...",,,,,,,,,,,"251,356"
A.G.J. Froolik,https://www.crunchbase.com/person/a-g-j-froolik,,,,A.G.J. Froolik,,,,,,,,,,,"251,357"
Patrice Ramnout,https://www.crunchbase.com/person/patrice-ramnout,,,"Paris, Ile-de-France, France",Patrice Ramnout,,,,,,,,,,,"251,364"
Brijmohan Lall Munjal,https://www.crunchbase.com/person/brijmohan-lall-munjal,,,,Brijmohan Lall Munjal,,,,,,,,,,,"251,359"
Derek Lloyd,https://www.crunchbase.com/person/derek-lloyd-58ba,,,,"Operations Leader & accomplished Technologist, experienced in Commodity Management and Loan Servicing.",,,,,,,,,,,"251,372"
Sachin Bansal,https://www.crunchbase.com/person/sachin-bansal-2,,,"Bengaluru, Karnataka, India",Sachin Bansal,,,,,,,,,,,"251,368"
Hidetsune Goto,https://www.crunchbase.com/person/hidetsune-goto,,,,Hidetsune Goto - Partner @ Integral Corporation,,,,,,,,,,,"251,363"
Tod Bensen,https://www.crunchbase.com/person/tod-bensen,,,,"Tod Bensen is a venture capitalist who has spent most of his adult life in London, England and now lives in Woodside, California. After grad...",,,,,,,,,,,"251,351"
Renganathan Ramamoorthy,https://www.crunchbase.com/person/renganathan-ramamoorthy,,,"Greater Seattle Area, Washington, United States",Renganathan Ramamoorthy currently works as a Group Product Manager at Google. In the past he's worked at Amazon and Siemens and attended Thu...,,,,,,,,,,,"251,346"
Klaus Dembowsky,https://www.crunchbase.com/person/klaus-dembowsky,,,"Munich, Bayern, Germany",Klaus Dembowsky has been CEO of amcure since 2015. He has over 25 years of experience in research and development for pharmaceutical and bio...,,,,,,,,,,,"251,360"
Richard Luigjes,https://www.crunchbase.com/person/richard-luigjes,,,"Amersfoort, Utrecht, The Netherlands",Richard Luigjes is the fund development manager for Stimuleringsfonds Volkshuisvesting Nederland.,Investment Partner,,,1,,,,,,,"251,361"
Johan Van Damme,https://www.crunchbase.com/person/johan-van-damme,1,,,Johan Van Damme is an individual investor.,Individual/Angel,,1,,,,,,,,"251,367"
Sade Panahi,https://www.crunchbase.com/person/sade-panahi,,,"Las Vegas, Nevada, United States",Sade Panahi,,,,,,,,,,,"251,375"
Marcel Vogler,https://www.crunchbase.com/person/marcel-vogler,,,"Cologne, Nordrhein-Westfalen, Germany",Marcel Vogler,,,,,,,,,,,"251,371"
Howard Donaldson,https://www.crunchbase.com/person/howard-donaldson,,,"Vancouver, British Columbia, Canada",Howard Donaldson is the CFO at Vanedge Capital where he provides financial and operational oversight for the fund and its portfolio companie...,,,,,,,,,,,"251,348"
Andrew Hillman,https://www.crunchbase.com/person/andrew-hillman-14a7,,,,Andrew Hillman,,Early Stage Venture,,,,,,,,,"251,355"
Małgorzata Darmas,https://www.crunchbase.com/person/małgorzata-darmas-3303,,,,Małgorzata Darmas,Investment Partner,,,1,,,,,,,"251,352"
Shainesh Sharma,https://www.crunchbase.com/person/shainesh-sharma-1121,,,"Bengaluru, Karnataka, India",Shainesh Sharma,,,,,,,,,,,"251,383"
Patrick Valibus,https://www.crunchbase.com/person/patrick-valibus,,,"Lyon, Rhone-Alpes, France",Patrick Valibus,,,,,,,,,,,"251,374"
Leonardo Guirado Vasone,https://www.crunchbase.com/person/leonardo-guirado-vasone,,,,Leonardo Guirado Vasone,,,,,,,,,,,"251,347"
Michael Klein,https://www.crunchbase.com/person/michael-klein-6,,,"New York, New York, United States",Michael Klein is the Global Business Treasurer - Global Consumer Bank at Citi.,,,,,,,,,,,"251,366"
Tim Brown,https://www.crunchbase.com/person/tim-brown-3,,,"Corcoran, California, United States",Tim Brown,,,,,,,,,,,"251,373"
Anup Misra,https://www.crunchbase.com/person/anup-misra-c1db,,,"New York, New York, United States",Anup Misra,,,,,,,,,,,"251,370"
James Carmichael,https://www.crunchbase.com/person/james-carmichael,,,"Orlando, Florida, United States",James Carmichael,,,,,,,,,,,"251,349"
Leo Xia,https://www.crunchbase.com/person/leo-xia-147d,,,"Jingan, Shanghai, China",Leo Xia is the Director at CMC Capital Group. Leo Xia attended The University of Hong Kong.,Investment Partner,,,1,,,,,,,"251,369"
Jens Schwamborn,https://www.crunchbase.com/person/jens-schwamborn-2242,,,"Germany, Europe","Jens Schwamborn, Professor an der Universität Luxemburg, erklärt, welche Arbeiten wann zu erledigen sind und worauf man zu welcher Jahreszei...",,,,,,,,,,,"251,362"
Adrian Merkel,https://www.crunchbase.com/person/adrian-merkel,,,"Bensheim, Hessen, Germany","Adrian Merkel is the Managing Director, Co-Founder & Co-Chief Executive Officer	at Framence",,,,,,,,,,,"251,363"
Sivvala Devikumari,https://www.crunchbase.com/person/sivvala-devikumari,,,,Sivvala Devikumari,,,,,,,,,,,"251,317"
Kathy Slack,https://www.crunchbase.com/person/kathy-slack,,,"Reading, Reading, United Kingdom",Kathy Slack - Chief Executive Officer @ Enterprise M3,Investment Partner,,,1,,,,,,,"251,376"
Sina Walther,https://www.crunchbase.com/person/sina-walther,,,"Karben, Hessen, Germany",Sina Walther,,,,,,,,,,,"251,327"
Sylvain REAUX,https://www.crunchbase.com/person/sylvain-reaux,,,,Sylvain REAUX,,,,,,,,,,,"251,377"
Mitsufumi Matsumoto,https://www.crunchbase.com/person/mitsufumi-matsumoto,,,,"Mitsufumi Matsumoto, Director of Kansai Investment Sales, SMBC Venture Capital Co., Ltd.",Investment Partner,,,1,,,,,,,"251,378"
Suzanne L. Dwyer,https://www.crunchbase.com/person/suzanne-l-dwyer,,,"Boston, Massachusetts, United States",Suzanne L. Dwyer is the President at Massachusetts Capital Resource Company. Suzanne L. Dwyer attended Babson F.W. Olin Graduate School of B...,,,,,,,,,,,"251,387"
Burton Gray,https://www.crunchbase.com/person/burton-gray,2,,,Burton Gray,Individual/Angel,Seed,1,,,,,,,,"251,394"
Phil Trueman,https://www.crunchbase.com/person/phil-trueman,,,"Leeds, Leeds, United Kingdom",Phil Trueman,Investment Partner,,,1,,,,,,,"251,385"
Eduardo Fierro,https://www.crunchbase.com/person/eduardo-fierro,2,,,Eduardo Fierro,Individual/Angel,,1,,,,,,,,"251,391"
Jan Jaegermark,https://www.crunchbase.com/person/jan-jaegermark,,,"Hornslet, Midtjylland, Denmark","<a href=""https://rawblog.dk/"">RawBlog</a>",,,,,,,,,,,"251,397"
Benjamin Gunst,https://www.crunchbase.com/person/benjamin-gunst,,,"Canada, North America",I am Canadian Digital Nomad that is starting his investments career. I am currently in Europe working and traveling.,,Seed,,,,,,,,,"251,395"
Guillaume Le Strat,https://www.crunchbase.com/person/guillaume-le-strat-143b,1,,,Guillaume Le Strat,Individual/Angel,,1,,,,,,,,"251,392"
Pentti Bruun,https://www.crunchbase.com/person/pentti-bruun,,,"Helsinki, Southern Finland, Finland",Pentti Bruun,,,,,,,,,,,"251,388"
Marek Frey,https://www.crunchbase.com/person/marek-frey,1,,,Marek Frey,Individual/Angel,Seed,1,,,,,,,,"251,379"
Kris Kourtis,https://www.crunchbase.com/person/kris-kourtis-4,,,"West Hollywood, California, United States","Born January 23rd 1983, Kris Kourtis is TV commentator, Author, Nutritionist, Actor, and Radio Celebrity. Kris Kourtis went to Columbia Acad...",,,,,,,,,,,"251,389"
Manish Gulechha,https://www.crunchbase.com/person/manish-gulechha,,,,"Manish is the captain of the ship at Snapooh, driving the vision for the team. A passionate serial Marwari entrepreneur in all spirits, Mani...",,,,,,,,,,,"251,386"
Frank Young,https://www.crunchbase.com/person/frank-young-3,,,,"Frank Young, M.D., Ph.D., is a former Commissioner of the FDA and has over 45 years of experience in medicine, academia and government. Afte...",,,,,,,,,,,"251,390"
Jerry Yang,https://www.crunchbase.com/person/jerry-yang-3,1,,,Jerry Yang,Individual/Angel,Seed,1,,,,,,,,"251,381"
Parag Chariya,https://www.crunchbase.com/person/parag-chariya,,,"Junagadh, Gujarat, India",Parag Chariya the owner of studio Shri Shakti is a renowned producer-director presenting many Gujarati folk music videos. He has launched ma...,,,,,,,,,,,"251,383"
Pickup Matthew,https://www.crunchbase.com/person/pickup-matthew-1,,,"England, United Kingdom, Europe",Pickup Matthew,,,,,,,,,,,"251,394"
Graham Ray,https://www.crunchbase.com/person/graham-ray,,,"San Francisco, California, United States","As CEO of DeepRoot, Graham leads the development of products and services while managing the sales team and international partners. Since th...",,,,,,,,,,,"251,399"
Kerry Hughes,https://www.crunchbase.com/person/kerry-hughes,,,"London, England, United Kingdom",Kerry Hughes is a Head of Portfolio and Investment at Earthworm Group.,Investment Partner,,,2,,,,,,,"251,393"
Vinod Nair,https://www.crunchbase.com/person/vinod-nair-ce4a,,,"Houma, Louisiana, United States",Dr. Nair has over twenty years of experience in both interventional cardiology and computer science. He is board certified in internal medic...,,,,,,,,,,,"251,389"
emre karahan,https://www.crunchbase.com/person/emre-karahan,,,"United States, North America",emre karahan,,Convertible Note,,,,,,,,,"251,380"
Héderson Cassimiro,https://www.crunchbase.com/person/héderson-cassimiro,,,"Ipatinga, Minas Gerais, Brazil",Héderson Cassimiro is the founder and CEO of GestorSindical.,,,,,,,,,,,"251,322"
Bernhard Juchheim,https://www.crunchbase.com/person/bernhard-juchheim,,,,Bernhard Juchheim,,,,,,,,,,,"251,398"
Hiromitsu Yasue,https://www.crunchbase.com/person/hiromitsu-yasue,1,,,Hiromitsu Yasue,Individual/Angel,,1,,,,,,,,"251,302"
Humberto Casagrande,https://www.crunchbase.com/person/humberto-casagrande,,,,Humberto Casagrande,,,,,,,,,,,"251,335"
Daichi Hayakawa,https://www.crunchbase.com/person/daichi-hayakawa,,,,"Mr. Hayakawa joined Mitsui & Co., Ltd. in 2007. He was engaged in exportation of steel products in Iron & Steel Products Business Unit, and ...",,,,,,,,,,,"251,323"
Jean-Luc Viselé,https://www.crunchbase.com/person/jean-luc-viselé,,,"Dijon, Bourgogne, France",Jean-Luc Viselé is the Director at Atol Consulting & Developments. Jean-Luc attended everywhere.,,,,,,,,,,,"251,293"
Sumant Patil,https://www.crunchbase.com/person/sumant-patil,1,,,Sumant Patil,Individual/Angel,,1,,,,,,,,"251,353"
Marko Rant,https://www.crunchbase.com/person/marko-rant,,,"Slovenia, Europe",Marko Rant is the Founder of Borza terjatev.,,,,,,,,,,,"251,313"
Xổ Số Mega,https://www.crunchbase.com/person/xổ-số-mega,,,,Xổ Số Mega 645 https://xsmega645.com/ là một trong những trang web uy tín chuyên cung cấp cho người đọc những kết quả xổ số của Vietlott. Kế...,,,,,,,,,,,"251,364"
Esaie Diei,https://www.crunchbase.com/person/esaie-diei,,,"Ikoyi, Lagos, Nigeria",Esaie Diei,,,,,,,,,,,"251,333"
M. Brigham,https://www.crunchbase.com/person/m-brigham,,,"United States, North America","I am committed to my team, the services we provide, and more importantly, our clients. For every client we service, our commitment also goes...",Investment Partner,Early Stage Venture,,1,,,,,,,"251,331"
Mochiduki Akihiko,https://www.crunchbase.com/person/mochiduki-akihiko,,,,Mochiduki Akihiko - Auditor @ DIP Corporation,,,,,,,,,,,"251,320"
Sujit Kumar Kar,https://www.crunchbase.com/person/sujit-kumar-kar,,,"Bhubaneshwar, Orissa, India",Sujit Kumar Kar,,,,,,,,,,,"251,372"
Rohit Taak,https://www.crunchbase.com/person/rohit-taak,,,,"Hello, I am homeloanonline.in and i love to give banking related information to people.",,,,,,,,,,,"251,311"
